items,sentiment_score_definition,relevance_score_definition,feed
50,x <= -0.35: Bearish; -0.35 < x <= -0.15: Somewhat-Bearish; -0.15 < x < 0.15: Neutral; 0.15 <= x < 0.35: Somewhat_Bullish; x >= 0.35: Bullish,"0 < x <= 1, with a higher score indicating higher relevance.","{'title': 'Wells Fargo Steps Back From Mortgage Market', 'url': 'https://www.fool.com/investing/2023/01/21/wells-fargo-steps-back-from-mortgage-market/', 'time_published': '20230121T131800', 'authors': ['Chris Hill'], 'summary': 'Plus, we take a look at ""key person risk"" and what investors need to know.', 'banner_image': 'https://g.foolcdn.com/image/?url=https%3A%2F%2Fg.foolcdn.com%2Feditorial%2Fimages%2F717147%2Fbull-market-3.jpg&op=resize&h=340', 'source': 'Motley Fool', 'category_within_source': 'n/a', 'source_domain': 'www.fool.com', 'topics': [{'topic': 'Retail & Wholesale', 'relevance_score': '0.333333'}, {'topic': 'Financial Markets', 'relevance_score': '1.0'}, {'topic': 'Earnings', 'relevance_score': '0.576289'}, {'topic': 'Technology', 'relevance_score': '0.333333'}, {'topic': 'Finance', 'relevance_score': '0.333333'}], 'overall_sentiment_score': 0.125086, 'overall_sentiment_label': 'Neutral', 'ticker_sentiment': [{'ticker': 'MSFT', 'relevance_score': '0.02561', 'ticker_sentiment_score': '0.184108', 'ticker_sentiment_label': 'Somewhat-Bullish'}, {'ticker': 'GOOG', 'relevance_score': '0.012807', 'ticker_sentiment_score': '0.069282', 'ticker_sentiment_label': 'Neutral'}, {'ticker': 'AAPL', 'relevance_score': '0.02561', 'ticker_sentiment_score': '0.005454', 'ticker_sentiment_label': 'Neutral'}, {'ticker': 'SFIX', 'relevance_score': '0.02561', 'ticker_sentiment_score': '0.012985', 'ticker_sentiment_label': 'Neutral'}, {'ticker': 'SPOT', 'relevance_score': '0.038407', 'ticker_sentiment_score': '-0.005901', 'ticker_sentiment_label': 'Neutral'}, {'ticker': 'WFC', 'relevance_score': '0.127524', 'ticker_sentiment_score': '0.078637', 'ticker_sentiment_label': 'Neutral'}]}"
50,x <= -0.35: Bearish; -0.35 < x <= -0.15: Somewhat-Bearish; -0.15 < x < 0.15: Neutral; 0.15 <= x < 0.35: Somewhat_Bullish; x >= 0.35: Bullish,"0 < x <= 1, with a higher score indicating higher relevance.","{'title': '3 Top Warren Buffett Stocks to Buy in 2023', 'url': 'https://www.fool.com/investing/2023/01/21/3-top-warren-buffett-stocks-to-buy-in-2023/', 'time_published': '20230121T130000', 'authors': ['John Ballard', 'and Jennifer Saibil', 'Jeremy Bowman'], 'summary': ""There are good reasons these companies are in Berkshire's portfolio."", 'banner_image': 'https://media.ycharts.com/charts/aed6059f1bb5fdd3f14de89e431fd98a.png', 'source': 'Motley Fool', 'category_within_source': 'n/a', 'source_domain': 'www.fool.com', 'topics': [{'topic': 'Economy - Monetary', 'relevance_score': '0.310843'}, {'topic': 'Retail & Wholesale', 'relevance_score': '0.333333'}, {'topic': 'Financial Markets', 'relevance_score': '0.999897'}, {'topic': 'Earnings', 'relevance_score': '0.997335'}, {'topic': 'Technology', 'relevance_score': '0.333333'}, {'topic': 'Finance', 'relevance_score': '0.333333'}], 'overall_sentiment_score': 0.285817, 'overall_sentiment_label': 'Somewhat-Bullish', 'ticker_sentiment': [{'ticker': 'AAPL', 'relevance_score': '0.222497', 'ticker_sentiment_score': '0.089657', 'ticker_sentiment_label': 'Neutral'}, {'ticker': 'RH', 'relevance_score': '0.395579', 'ticker_sentiment_score': '0.328039', 'ticker_sentiment_label': 'Somewhat-Bullish'}, {'ticker': 'BRK-A', 'relevance_score': '0.075043', 'ticker_sentiment_score': '0.165871', 'ticker_sentiment_label': 'Somewhat-Bullish'}, {'ticker': 'KR', 'relevance_score': '0.258351', 'ticker_sentiment_score': '0.156812', 'ticker_sentiment_label': 'Somewhat-Bullish'}]}"
50,x <= -0.35: Bearish; -0.35 < x <= -0.15: Somewhat-Bearish; -0.15 < x < 0.15: Neutral; 0.15 <= x < 0.35: Somewhat_Bullish; x >= 0.35: Bullish,"0 < x <= 1, with a higher score indicating higher relevance.","{'title': '2 Genius Dividend Stocks to Buy in 2023', 'url': 'https://www.fool.com/investing/2023/01/21/2-genius-dividend-stocks-to-buy-in-2023/', 'time_published': '20230121T124800', 'authors': ['Matthew DiLallo'], 'summary': 'This is a savvier way to invest in dividend stocks.', 'banner_image': 'https://g.foolcdn.com/image/?url=https%3A%2F%2Fg.foolcdn.com%2Feditorial%2Fimages%2F716584%2Fdividends-blackboard-sketch-doodle.jpg&op=resize&h=340', 'source': 'Motley Fool', 'category_within_source': 'n/a', 'source_domain': 'www.fool.com', 'topics': [{'topic': 'Financial Markets', 'relevance_score': '0.316726'}, {'topic': 'Manufacturing', 'relevance_score': '0.5'}, {'topic': 'Earnings', 'relevance_score': '0.538269'}, {'topic': 'Mergers & Acquisitions', 'relevance_score': '0.158519'}, {'topic': 'Technology', 'relevance_score': '0.5'}], 'overall_sentiment_score': 0.343026, 'overall_sentiment_label': 'Somewhat-Bullish', 'ticker_sentiment': [{'ticker': 'VMW', 'relevance_score': '0.05833', 'ticker_sentiment_score': '0.182001', 'ticker_sentiment_label': 'Somewhat-Bullish'}, {'ticker': 'AAPL', 'relevance_score': '0.391486', 'ticker_sentiment_score': '0.372624', 'ticker_sentiment_label': 'Bullish'}, {'ticker': 'AVGO', 'relevance_score': '0.391486', 'ticker_sentiment_score': '0.475996', 'ticker_sentiment_label': 'Bullish'}]}"
50,x <= -0.35: Bearish; -0.35 < x <= -0.15: Somewhat-Bearish; -0.15 < x < 0.15: Neutral; 0.15 <= x < 0.35: Somewhat_Bullish; x >= 0.35: Bullish,"0 < x <= 1, with a higher score indicating higher relevance.","{'title': ""Reviewing Goldman Sachs' Disappointing Quarter"", 'url': 'https://www.fool.com/retirement/2023/01/21/reviewing-goldman-sachs-disappointing-quarter/', 'time_published': '20230121T120000', 'authors': ['Chris Hill'], 'summary': 'The investment bank suffered its worst earnings miss in a decade.', 'banner_image': 'https://g.foolcdn.com/image/?url=https%3A%2F%2Fg.foolcdn.com%2Feditorial%2Fimages%2F717147%2Fbull-market-3.jpg&op=resize&h=340', 'source': 'Motley Fool', 'category_within_source': 'n/a', 'source_domain': 'www.fool.com', 'topics': [{'topic': 'Economy - Monetary', 'relevance_score': '0.310843'}, {'topic': 'Financial Markets', 'relevance_score': '1.0'}, {'topic': 'Earnings', 'relevance_score': '0.891286'}, {'topic': 'Technology', 'relevance_score': '0.5'}, {'topic': 'Finance', 'relevance_score': '0.5'}], 'overall_sentiment_score': 0.13065, 'overall_sentiment_label': 'Neutral', 'ticker_sentiment': [{'ticker': 'NFLX', 'relevance_score': '0.011442', 'ticker_sentiment_score': '0.078757', 'ticker_sentiment_label': 'Neutral'}, {'ticker': 'AAPL', 'relevance_score': '0.057161', 'ticker_sentiment_score': '0.077085', 'ticker_sentiment_label': 'Neutral'}, {'ticker': 'BAC', 'relevance_score': '0.011442', 'ticker_sentiment_score': '0.026572', 'ticker_sentiment_label': 'Neutral'}, {'ticker': 'WFC', 'relevance_score': '0.011442', 'ticker_sentiment_score': '0.026572', 'ticker_sentiment_label': 'Neutral'}, {'ticker': 'JPM', 'relevance_score': '0.011442', 'ticker_sentiment_score': '0.026572', 'ticker_sentiment_label': 'Neutral'}, {'ticker': 'GS', 'relevance_score': '0.068567', 'ticker_sentiment_score': '0.020249', 'ticker_sentiment_label': 'Neutral'}, {'ticker': 'DIS', 'relevance_score': '0.011442', 'ticker_sentiment_score': '0.059504', 'ticker_sentiment_label': 'Neutral'}]}"
50,x <= -0.35: Bearish; -0.35 < x <= -0.15: Somewhat-Bearish; -0.15 < x < 0.15: Neutral; 0.15 <= x < 0.35: Somewhat_Bullish; x >= 0.35: Bullish,"0 < x <= 1, with a higher score indicating higher relevance.","{'title': 'Dow Jones Bear Market: The Smartest Investors Are Buying These Beaten Down Stocks', 'url': 'https://www.fool.com/investing/2023/01/21/dow-jones-bear-market-the-smartest-investors-are-b/', 'time_published': '20230121T103900', 'authors': ['Lee Samaha'], 'summary': 'An undervalued spinoff, a company continuing to transform its margin potential, and a technology giant growing its services revenue make up a list of stocks smart investors are looking at.', 'banner_image': 'https://media.ycharts.com/charts/1aaa530ae33721d663e236e6a3d84402.png', 'source': 'Motley Fool', 'category_within_source': 'n/a', 'source_domain': 'www.fool.com', 'topics': [{'topic': 'Financial Markets', 'relevance_score': '0.266143'}, {'topic': 'Manufacturing', 'relevance_score': '0.333333'}, {'topic': 'Earnings', 'relevance_score': '0.999939'}, {'topic': 'Energy & Transportation', 'relevance_score': '0.333333'}, {'topic': 'Technology', 'relevance_score': '0.333333'}], 'overall_sentiment_score': 0.168661, 'overall_sentiment_label': 'Somewhat-Bullish', 'ticker_sentiment': [{'ticker': 'GEHC', 'relevance_score': '0.120431', 'ticker_sentiment_score': '0.218692', 'ticker_sentiment_label': 'Somewhat-Bullish'}, {'ticker': 'MFCSF', 'relevance_score': '0.060388', 'ticker_sentiment_score': '0.03702', 'ticker_sentiment_label': 'Neutral'}, {'ticker': 'UPS', 'relevance_score': '0.455525', 'ticker_sentiment_score': '0.036798', 'ticker_sentiment_label': 'Neutral'}, {'ticker': 'AAPL', 'relevance_score': '0.295155', 'ticker_sentiment_score': '0.169769', 'ticker_sentiment_label': 'Somewhat-Bullish'}, {'ticker': 'FDX', 'relevance_score': '0.120431', 'ticker_sentiment_score': '-0.283416', 'ticker_sentiment_label': 'Somewhat-Bearish'}, {'ticker': 'GE', 'relevance_score': '0.179788', 'ticker_sentiment_score': '0.205886', 'ticker_sentiment_label': 'Somewhat-Bullish'}]}"
50,x <= -0.35: Bearish; -0.35 < x <= -0.15: Somewhat-Bearish; -0.15 < x < 0.15: Neutral; 0.15 <= x < 0.35: Somewhat_Bullish; x >= 0.35: Bullish,"0 < x <= 1, with a higher score indicating higher relevance.","{'title': 'Big Tech layoffs are not as big as they appear at first glance', 'url': 'https://www.marketwatch.com/story/big-tech-layoffs-are-not-as-big-as-they-appear-at-first-glance-11674251270', 'time_published': '20230120T214700', 'authors': ['Jeremy C. Owens'], 'summary': 'The layoffs announced in recent weeks by Big Tech companies like Google and Microsoft are unlikely to cause huge issues at the companies or in the economy.', 'banner_image': 'https://images.mktw.net/im-707682?width=700&height=1004', 'source': 'MarketWatch', 'category_within_source': 'Top Stories', 'source_domain': 'www.marketwatch.com', 'topics': [{'topic': 'Technology', 'relevance_score': '0.5'}, {'topic': 'Retail & Wholesale', 'relevance_score': '0.5'}], 'overall_sentiment_score': -0.097275, 'overall_sentiment_label': 'Neutral', 'ticker_sentiment': [{'ticker': 'MSFT', 'relevance_score': '0.096477', 'ticker_sentiment_score': '-0.036722', 'ticker_sentiment_label': 'Neutral'}, {'ticker': 'GOOG', 'relevance_score': '0.096477', 'ticker_sentiment_score': '-0.027876', 'ticker_sentiment_label': 'Neutral'}, {'ticker': 'META', 'relevance_score': '0.096477', 'ticker_sentiment_score': '-0.036722', 'ticker_sentiment_label': 'Neutral'}, {'ticker': 'AAPL', 'relevance_score': '0.096477', 'ticker_sentiment_score': '0.008468', 'ticker_sentiment_label': 'Neutral'}, {'ticker': 'WDAY', 'relevance_score': '0.096477', 'ticker_sentiment_score': '-0.0852', 'ticker_sentiment_label': 'Neutral'}, {'ticker': 'AMZN', 'relevance_score': '0.096477', 'ticker_sentiment_score': '0.059878', 'ticker_sentiment_label': 'Neutral'}, {'ticker': 'PLTR', 'relevance_score': '0.096477', 'ticker_sentiment_score': '-0.0852', 'ticker_sentiment_label': 'Neutral'}]}"
50,x <= -0.35: Bearish; -0.35 < x <= -0.15: Somewhat-Bearish; -0.15 < x < 0.15: Neutral; 0.15 <= x < 0.35: Somewhat_Bullish; x >= 0.35: Bullish,"0 < x <= 1, with a higher score indicating higher relevance.","{'title': 'Apple Stands Apart Amid the Tech-Layoffs Bloodbath', 'url': 'https://www.thestreet.com/technology/apple-stands-apart-amid-the-tech-layoffs-bloodbath', 'time_published': '20230120T212600', 'authors': ['Ellen Chang'], 'summary': 'Apple is the only Big Tech company that has not pared its workforce.', 'banner_image': 'https://www.thestreet.com/.image/ar_16:9%2Cc_fill%2Ccs_srgb%2Cfl_progressive%2Cg_faces:center%2Cq_auto:good%2Cw_620/MTY4NTE3Mjg3MTY1NTY4Nzkw/clown.jpg', 'source': 'The Street', 'category_within_source': 'n/a', 'source_domain': 'www.thestreet.com', 'topics': [{'topic': 'Economy - Monetary', 'relevance_score': '0.158519'}, {'topic': 'Retail & Wholesale', 'relevance_score': '0.333333'}, {'topic': 'Financial Markets', 'relevance_score': '0.214378'}, {'topic': 'Earnings', 'relevance_score': '0.95493'}, {'topic': 'Technology', 'relevance_score': '0.333333'}, {'topic': 'Finance', 'relevance_score': '0.333333'}], 'overall_sentiment_score': 0.200943, 'overall_sentiment_label': 'Somewhat-Bullish', 'ticker_sentiment': [{'ticker': 'EVR', 'relevance_score': '0.071145', 'ticker_sentiment_score': '0.0', 'ticker_sentiment_label': 'Neutral'}, {'ticker': 'MSFT', 'relevance_score': '0.211191', 'ticker_sentiment_score': '0.180077', 'ticker_sentiment_label': 'Somewhat-Bullish'}, {'ticker': 'GOOG', 'relevance_score': '0.071145', 'ticker_sentiment_score': '0.109606', 'ticker_sentiment_label': 'Neutral'}, {'ticker': 'META', 'relevance_score': '0.211191', 'ticker_sentiment_score': '0.001791', 'ticker_sentiment_label': 'Neutral'}, {'ticker': 'AAPL', 'relevance_score': '0.578355', 'ticker_sentiment_score': '0.325099', 'ticker_sentiment_label': 'Somewhat-Bullish'}, {'ticker': 'IBM', 'relevance_score': '0.141726', 'ticker_sentiment_score': '0.397196', 'ticker_sentiment_label': 'Bullish'}, {'ticker': 'AMZN', 'relevance_score': '0.141726', 'ticker_sentiment_score': '0.139753', 'ticker_sentiment_label': 'Neutral'}]}"
50,x <= -0.35: Bearish; -0.35 < x <= -0.15: Somewhat-Bearish; -0.15 < x < 0.15: Neutral; 0.15 <= x < 0.35: Somewhat_Bullish; x >= 0.35: Bullish,"0 < x <= 1, with a higher score indicating higher relevance.","{'title': ""Goldman's consumer banking effort draws scrutiny from the Fed: WSJ"", 'url': 'https://www.marketwatch.com/story/goldmans-consumer-banking-effort-draws-scrutiny-from-the-fed-wsj-11674248273', 'time_published': '20230120T205700', 'authors': ['Steve Gelsi'], 'summary': ""The U.S. Federal Reserve is studying compliance, audit and legal functions at Marcus, Goldman's consumer banking business, The WSJ reported."", 'banner_image': 'https://images.mktw.net/im-707656/social', 'source': 'MarketWatch', 'category_within_source': 'Top Stories', 'source_domain': 'www.marketwatch.com', 'topics': [{'topic': 'Economy - Monetary', 'relevance_score': '0.310843'}, {'topic': 'Manufacturing', 'relevance_score': '0.333333'}, {'topic': 'Technology', 'relevance_score': '0.333333'}, {'topic': 'Finance', 'relevance_score': '0.333333'}], 'overall_sentiment_score': 0.108829, 'overall_sentiment_label': 'Neutral', 'ticker_sentiment': [{'ticker': 'GS', 'relevance_score': '0.617765', 'ticker_sentiment_score': '0.039399', 'ticker_sentiment_label': 'Neutral'}, {'ticker': 'AAPL', 'relevance_score': '0.229149', 'ticker_sentiment_score': '0.143069', 'ticker_sentiment_label': 'Neutral'}, {'ticker': 'GM', 'relevance_score': '0.229149', 'ticker_sentiment_score': '0.143069', 'ticker_sentiment_label': 'Neutral'}]}"
50,x <= -0.35: Bearish; -0.35 < x <= -0.15: Somewhat-Bearish; -0.15 < x < 0.15: Neutral; 0.15 <= x < 0.35: Somewhat_Bullish; x >= 0.35: Bullish,"0 < x <= 1, with a higher score indicating higher relevance.","{'title': ""Mercedes Tests Ad Company's Technology For Cookieless Targeting"", 'url': 'https://www.investors.com/stock-lists/sector-leaders/ad-stock-and-sector-leader-peri-back-in-focus-ahead-of-earnings/', 'time_published': '20230120T200400', 'authors': ['VIDYA RAMAKRISHNAN', ""Investor's Business Daily""], 'summary': ""Ad Stock And Sector Leader PERI Back In Focus Ahead Of Earnings Investor's Business Daily ..."", 'banner_image': 'https://www.investors.com/wp-content/uploads/2022/10/Stock-digitalmarketing-01-adobe.jpg', 'source': 'Investors Business Daily', 'category_within_source': 'n/a', 'source_domain': 'www.investors.com', 'topics': [{'topic': 'Financial Markets', 'relevance_score': '0.955357'}, {'topic': 'Earnings', 'relevance_score': '0.917436'}, {'topic': 'Real Estate & Construction', 'relevance_score': '0.5'}, {'topic': 'Technology', 'relevance_score': '0.5'}], 'overall_sentiment_score': 0.321036, 'overall_sentiment_label': 'Somewhat-Bullish', 'ticker_sentiment': [{'ticker': 'LAMR', 'relevance_score': '0.16117', 'ticker_sentiment_score': '0.0', 'ticker_sentiment_label': 'Neutral'}, {'ticker': 'META', 'relevance_score': '0.239698', 'ticker_sentiment_score': '0.068425', 'ticker_sentiment_label': 'Neutral'}, {'ticker': 'ROKU', 'relevance_score': '0.16117', 'ticker_sentiment_score': '0.050779', 'ticker_sentiment_label': 'Neutral'}, {'ticker': 'AAPL', 'relevance_score': '0.16117', 'ticker_sentiment_score': '0.050779', 'ticker_sentiment_label': 'Neutral'}, {'ticker': 'OMC', 'relevance_score': '0.16117', 'ticker_sentiment_score': '0.0', 'ticker_sentiment_label': 'Neutral'}]}"
50,x <= -0.35: Bearish; -0.35 < x <= -0.15: Somewhat-Bearish; -0.15 < x < 0.15: Neutral; 0.15 <= x < 0.35: Somewhat_Bullish; x >= 0.35: Bullish,"0 < x <= 1, with a higher score indicating higher relevance.","{'title': 'Retail traders are buoying the stock market, but support could prove fleeting: analysts', 'url': 'https://www.marketwatch.com/story/retail-traders-are-buoying-the-stock-market-but-support-could-prove-fleeting-analysts-11674241924', 'time_published': '20230120T191200', 'authors': ['Isabel Wang'], 'summary': 'Net inflows into U.S. equities by retail investors continued to climb over the past week, but data analysts said the pace of purchasing could easily slide if bullish momentum is beginning to wear off.', 'banner_image': 'https://images.mktw.net/im-707481?width=700&height=419', 'source': 'MarketWatch', 'category_within_source': 'Top Stories', 'source_domain': 'www.marketwatch.com', 'topics': [{'topic': 'Financial Markets', 'relevance_score': '0.972756'}, {'topic': 'Manufacturing', 'relevance_score': '0.5'}, {'topic': 'Earnings', 'relevance_score': '0.972476'}, {'topic': 'Technology', 'relevance_score': '0.5'}], 'overall_sentiment_score': 0.042986, 'overall_sentiment_label': 'Neutral', 'ticker_sentiment': [{'ticker': 'MSFT', 'relevance_score': '0.19117', 'ticker_sentiment_score': '0.039231', 'ticker_sentiment_label': 'Neutral'}, {'ticker': 'NFLX', 'relevance_score': '0.128135', 'ticker_sentiment_score': '-0.085094', 'ticker_sentiment_label': 'Neutral'}, {'ticker': 'GOOG', 'relevance_score': '0.128135', 'ticker_sentiment_score': '0.032482', 'ticker_sentiment_label': 'Neutral'}, {'ticker': 'AAPL', 'relevance_score': '0.128135', 'ticker_sentiment_score': '0.032482', 'ticker_sentiment_label': 'Neutral'}, {'ticker': 'TSLA', 'relevance_score': '0.19117', 'ticker_sentiment_score': '0.080573', 'ticker_sentiment_label': 'Neutral'}, {'ticker': 'IBM', 'relevance_score': '0.19117', 'ticker_sentiment_score': '0.0417', 'ticker_sentiment_label': 'Neutral'}, {'ticker': 'INTC', 'relevance_score': '0.128135', 'ticker_sentiment_score': '0.032482', 'ticker_sentiment_label': 'Neutral'}]}"
50,x <= -0.35: Bearish; -0.35 < x <= -0.15: Somewhat-Bearish; -0.15 < x < 0.15: Neutral; 0.15 <= x < 0.35: Somewhat_Bullish; x >= 0.35: Bullish,"0 < x <= 1, with a higher score indicating higher relevance.","{'title': 'Microsoft and Alphabet Deepen the White-Collar Recession', 'url': 'https://www.thestreet.com/technology/microsoft-and-alphabet-deepen-the-white-collar-recession', 'time_published': '20230120T183000', 'authors': ['Luc Olinga'], 'summary': 'The tech sector is on track to cut more jobs than in 2022, a year reminiscent of the bursting of the dot-com bubble.', 'banner_image': 'https://www.thestreet.com/.image/ar_16:9%2Cc_fill%2Ccs_srgb%2Cfl_progressive%2Cg_faces:center%2Cq_auto:good%2Cw_620/MTY4NTE3Mjg3MTY1NTY4Nzkw/clown.jpg', 'source': 'The Street', 'category_within_source': 'n/a', 'source_domain': 'www.thestreet.com', 'topics': [{'topic': 'Earnings', 'relevance_score': '0.684621'}, {'topic': 'Economy - Monetary', 'relevance_score': '0.451494'}, {'topic': 'Technology', 'relevance_score': '1.0'}], 'overall_sentiment_score': -0.043704, 'overall_sentiment_label': 'Neutral', 'ticker_sentiment': [{'ticker': 'MSFT', 'relevance_score': '0.203643', 'ticker_sentiment_score': '0.134383', 'ticker_sentiment_label': 'Neutral'}, {'ticker': 'GOOG', 'relevance_score': '0.102668', 'ticker_sentiment_score': '0.103594', 'ticker_sentiment_label': 'Neutral'}, {'ticker': 'AAPL', 'relevance_score': '0.102668', 'ticker_sentiment_score': '0.205439', 'ticker_sentiment_label': 'Somewhat-Bullish'}]}"
50,x <= -0.35: Bearish; -0.35 < x <= -0.15: Somewhat-Bearish; -0.15 < x < 0.15: Neutral; 0.15 <= x < 0.35: Somewhat_Bullish; x >= 0.35: Bullish,"0 < x <= 1, with a higher score indicating higher relevance.","{'title': 'Masimo  ( MASI )  Expands Partnership with Philips for W1 Watch', 'url': 'https://www.zacks.com/stock/news/2042178/masimo-masi-expands-partnership-with-philips-for-w1-watch', 'time_published': '20230120T181500', 'authors': ['Zacks Investment Research'], 'summary': 'Masimo (MASI) and Royal Philips to create an open ecosystem of medical information using Masimo W1 watch and the latter???s patient monitoring ecosystem to improve home-care.', 'banner_image': 'https://staticx-tuner.zacks.com/images/articles/main/b2/1650.jpg', 'source': 'Zacks Commentary', 'category_within_source': 'n/a', 'source_domain': 'www.zacks.com', 'topics': [{'topic': 'Earnings', 'relevance_score': '0.158519'}, {'topic': 'Life Sciences', 'relevance_score': '0.5'}, {'topic': 'Technology', 'relevance_score': '0.5'}], 'overall_sentiment_score': 0.275351, 'overall_sentiment_label': 'Somewhat-Bullish', 'ticker_sentiment': [{'ticker': 'MASI', 'relevance_score': '0.841768', 'ticker_sentiment_score': '0.455254', 'ticker_sentiment_label': 'Bullish'}, {'ticker': 'AAPL', 'relevance_score': '0.37643', 'ticker_sentiment_score': '0.268696', 'ticker_sentiment_label': 'Somewhat-Bullish'}, {'ticker': 'HOLX', 'relevance_score': '0.146025', 'ticker_sentiment_score': '0.063505', 'ticker_sentiment_label': 'Neutral'}]}"
50,x <= -0.35: Bearish; -0.35 < x <= -0.15: Somewhat-Bearish; -0.15 < x < 0.15: Neutral; 0.15 <= x < 0.35: Somewhat_Bullish; x >= 0.35: Bullish,"0 < x <= 1, with a higher score indicating higher relevance.","{'title': ""Amazon's Alexa Smart Speaker Blazed A Trail, Then Burned Out"", 'url': 'https://www.investors.com/news/technology/amazon-alexa-smart-speaker-blazed-trail-then-burned-out/', 'time_published': '20230120T170700', 'authors': ['BRIAN DEAGON', ""Investor's Business Daily""], 'summary': 'Expectations were high when Amazon ( AMZN ) introduced the Echo smart speaker nine years ago. Now known as Amazon Alexa, it was a trailblazing digital butler that established a new category in the consumer electronics field, selling tens of millions of units each year.', 'banner_image': 'https://www.investors.com/wp-content/uploads/2019/09/stock-amazon-alexa-02-adobe.jpg', 'source': 'Investors Business Daily', 'category_within_source': 'n/a', 'source_domain': 'www.investors.com', 'topics': [{'topic': 'Technology', 'relevance_score': '0.5'}, {'topic': 'Retail & Wholesale', 'relevance_score': '0.5'}, {'topic': 'Financial Markets', 'relevance_score': '0.360215'}], 'overall_sentiment_score': 0.24076, 'overall_sentiment_label': 'Somewhat-Bullish', 'ticker_sentiment': [{'ticker': 'MSFT', 'relevance_score': '0.110717', 'ticker_sentiment_score': '0.117489', 'ticker_sentiment_label': 'Neutral'}, {'ticker': 'GOOG', 'relevance_score': '0.165409', 'ticker_sentiment_score': '0.101115', 'ticker_sentiment_label': 'Neutral'}, {'ticker': 'META', 'relevance_score': '0.165409', 'ticker_sentiment_score': '0.144461', 'ticker_sentiment_label': 'Neutral'}, {'ticker': 'AAPL', 'relevance_score': '0.165409', 'ticker_sentiment_score': '0.101115', 'ticker_sentiment_label': 'Neutral'}, {'ticker': 'AMZN', 'relevance_score': '0.763308', 'ticker_sentiment_score': '0.453444', 'ticker_sentiment_label': 'Bullish'}]}"
50,x <= -0.35: Bearish; -0.35 < x <= -0.15: Somewhat-Bearish; -0.15 < x < 0.15: Neutral; 0.15 <= x < 0.35: Somewhat_Bullish; x >= 0.35: Bullish,"0 < x <= 1, with a higher score indicating higher relevance.","{'title': ""Five Things We Don't Still Don't Know About Netflix After Its Blowout Q4 Earnings"", 'url': 'https://www.thestreet.com/markets/five-things-we-dont-know-about-netflix-after-blowout-q4-earnings', 'time_published': '20230120T164500', 'authors': ['Martin Baccardax'], 'summary': 'Netflix shares have added more than $75 billion in value since their early June trough, but faces a series of tough challenges heading into a pivotal year for the streaming entertainment sector.', 'banner_image': 'https://www.thestreet.com/.image/ar_16:9%2Cc_fill%2Ccs_srgb%2Cfl_progressive%2Cg_faces:center%2Cq_auto:good%2Cw_620/MTg4MjczNjE1NDI1MjUwNzU2/whats-next-for-stocks.jpg', 'source': 'The Street', 'category_within_source': 'n/a', 'source_domain': 'www.thestreet.com', 'topics': [{'topic': 'IPO', 'relevance_score': '0.158519'}, {'topic': 'Retail & Wholesale', 'relevance_score': '0.5'}, {'topic': 'Financial Markets', 'relevance_score': '0.684621'}, {'topic': 'Earnings', 'relevance_score': '0.744043'}, {'topic': 'Technology', 'relevance_score': '0.5'}], 'overall_sentiment_score': 0.259174, 'overall_sentiment_label': 'Somewhat-Bullish', 'ticker_sentiment': [{'ticker': 'NFLX', 'relevance_score': '0.523294', 'ticker_sentiment_score': '0.405397', 'ticker_sentiment_label': 'Bullish'}, {'ticker': 'GOOG', 'relevance_score': '0.119088', 'ticker_sentiment_score': '0.031019', 'ticker_sentiment_label': 'Neutral'}, {'ticker': 'META', 'relevance_score': '0.089462', 'ticker_sentiment_score': '0.088273', 'ticker_sentiment_label': 'Neutral'}, {'ticker': 'AAPL', 'relevance_score': '0.059711', 'ticker_sentiment_score': '0.083344', 'ticker_sentiment_label': 'Neutral'}, {'ticker': 'PARA', 'relevance_score': '0.059711', 'ticker_sentiment_score': '0.179021', 'ticker_sentiment_label': 'Somewhat-Bullish'}, {'ticker': 'WBD', 'relevance_score': '0.089462', 'ticker_sentiment_score': '0.185933', 'ticker_sentiment_label': 'Somewhat-Bullish'}, {'ticker': 'CCZ', 'relevance_score': '0.029876', 'ticker_sentiment_score': '0.169328', 'ticker_sentiment_label': 'Somewhat-Bullish'}, {'ticker': 'AMZN', 'relevance_score': '0.059711', 'ticker_sentiment_score': '0.083344', 'ticker_sentiment_label': 'Neutral'}]}"
50,x <= -0.35: Bearish; -0.35 < x <= -0.15: Somewhat-Bearish; -0.15 < x < 0.15: Neutral; 0.15 <= x < 0.35: Somewhat_Bullish; x >= 0.35: Bullish,"0 < x <= 1, with a higher score indicating higher relevance.","{'title': 'Netflix  ( NFLX )  Q4 Earnings Miss, Revenues Up Y/Y on User Gain', 'url': 'https://www.zacks.com/stock/news/2042090/netflix-nflx-q4-earnings-miss-revenues-up-yy-on-user-gain', 'time_published': '20230120T163800', 'authors': ['Zacks Investment Research'], 'summary': 'Netflix (NFLX) gains 7.66 million subscribers in the fourth quarter of 2022, beating its expectation of a 4.5-million gain, benefiting from a strong content portfolio.', 'banner_image': 'https://staticx-tuner.zacks.com/images/articles/main/da/91.jpg', 'source': 'Zacks Commentary', 'category_within_source': 'n/a', 'source_domain': 'www.zacks.com', 'topics': [{'topic': 'Retail & Wholesale', 'relevance_score': '0.5'}, {'topic': 'Financial Markets', 'relevance_score': '0.938238'}, {'topic': 'Earnings', 'relevance_score': '0.495866'}, {'topic': 'Technology', 'relevance_score': '0.5'}], 'overall_sentiment_score': 0.099208, 'overall_sentiment_label': 'Neutral', 'ticker_sentiment': [{'ticker': 'NFLX', 'relevance_score': '0.567574', 'ticker_sentiment_score': '0.139894', 'ticker_sentiment_label': 'Neutral'}, {'ticker': 'AAPL', 'relevance_score': '0.177475', 'ticker_sentiment_score': '0.090388', 'ticker_sentiment_label': 'Neutral'}, {'ticker': 'AMZN', 'relevance_score': '0.177475', 'ticker_sentiment_score': '0.090388', 'ticker_sentiment_label': 'Neutral'}]}"
50,x <= -0.35: Bearish; -0.35 < x <= -0.15: Somewhat-Bearish; -0.15 < x < 0.15: Neutral; 0.15 <= x < 0.35: Somewhat_Bullish; x >= 0.35: Bullish,"0 < x <= 1, with a higher score indicating higher relevance.","{'title': 'Netflix CEO Hastings to Step Down. The Streaming Giant Faces Its Jeff Bezos Moment.', 'url': 'https://www.barrons.com/articles/netflix-ceo-hastings-bezos-apple-51674229013', 'time_published': '20230120T160900', 'authors': ['Adam Clark'], 'summary': 'Netflix CEO Hastings to Step Down. The Streamer Faces Its Jeff Bezos Moment. ...', 'banner_image': 'https://images.barrons.com/im-201773/social', 'source': 'Barrons', 'category_within_source': 'n/a', 'source_domain': 'www.barrons.com', 'topics': [{'topic': 'Technology', 'relevance_score': '0.5'}, {'topic': 'Retail & Wholesale', 'relevance_score': '0.5'}], 'overall_sentiment_score': -0.110536, 'overall_sentiment_label': 'Neutral', 'ticker_sentiment': [{'ticker': 'NFLX', 'relevance_score': '0.904419', 'ticker_sentiment_score': '-0.252822', 'ticker_sentiment_label': 'Somewhat-Bearish'}, {'ticker': 'AAPL', 'relevance_score': '0.733479', 'ticker_sentiment_score': '-0.234599', 'ticker_sentiment_label': 'Somewhat-Bearish'}, {'ticker': 'AMZN', 'relevance_score': '0.733479', 'ticker_sentiment_score': '-0.234599', 'ticker_sentiment_label': 'Somewhat-Bearish'}]}"
50,x <= -0.35: Bearish; -0.35 < x <= -0.15: Somewhat-Bearish; -0.15 < x < 0.15: Neutral; 0.15 <= x < 0.35: Somewhat_Bullish; x >= 0.35: Bullish,"0 < x <= 1, with a higher score indicating higher relevance.","{'title': 'Major tech layoffs from Alphabet and Microsoft could make gains for some equity hedge funds this year', 'url': 'https://www.marketwatch.com/story/major-tech-layoffs-from-alphabet-and-microsoft-could-make-gains-for-some-equity-hedge-funds-this-year-11674230100', 'time_published': '20230120T155500', 'authors': ['Anviksha Patel'], 'summary': ""After equity funds posted 13% losses in 2022, fund managers are hoping for some light in the darkness with their tech stock exposure. Here's what they've been telling their investors going into 2023."", 'banner_image': 'https://images.mktw.net/im-704155?width=639&height=426', 'source': 'MarketWatch', 'category_within_source': 'Top Stories', 'source_domain': 'www.marketwatch.com', 'topics': [{'topic': 'Retail & Wholesale', 'relevance_score': '0.333333'}, {'topic': 'Financial Markets', 'relevance_score': '0.996023'}, {'topic': 'Earnings', 'relevance_score': '0.360215'}, {'topic': 'Technology', 'relevance_score': '0.333333'}, {'topic': 'Finance', 'relevance_score': '0.333333'}, {'topic': 'Blockchain', 'relevance_score': '0.158519'}], 'overall_sentiment_score': 0.048492, 'overall_sentiment_label': 'Neutral', 'ticker_sentiment': [{'ticker': 'ADBE', 'relevance_score': '0.104002', 'ticker_sentiment_score': '0.050369', 'ticker_sentiment_label': 'Neutral'}, {'ticker': 'MSFT', 'relevance_score': '0.104002', 'ticker_sentiment_score': '0.050369', 'ticker_sentiment_label': 'Neutral'}, {'ticker': 'AAPL', 'relevance_score': '0.104002', 'ticker_sentiment_score': '0.050369', 'ticker_sentiment_label': 'Neutral'}, {'ticker': 'DSSMY', 'relevance_score': '0.256179', 'ticker_sentiment_score': '-0.073346', 'ticker_sentiment_label': 'Neutral'}, {'ticker': 'AMZN', 'relevance_score': '0.104002', 'ticker_sentiment_score': '0.050369', 'ticker_sentiment_label': 'Neutral'}, {'ticker': 'MS', 'relevance_score': '0.104002', 'ticker_sentiment_score': '0.1117', 'ticker_sentiment_label': 'Neutral'}]}"
50,x <= -0.35: Bearish; -0.35 < x <= -0.15: Somewhat-Bearish; -0.15 < x < 0.15: Neutral; 0.15 <= x < 0.35: Somewhat_Bullish; x >= 0.35: Bullish,"0 < x <= 1, with a higher score indicating higher relevance.","{'title': ""This Startup Uses AI To Leave Apple's AirTag In The Dust"", 'url': 'https://www.benzinga.com/news/23/01/30504786/this-startup-uses-ai-to-leave-apples-airtag-in-the-dust', 'time_published': '20230120T155148', 'authors': ['Caleb Naysmith'], 'summary': 'Tile was once the top name in the Bluetooth tracker market. While there was some competition, Tile raised over $140 million from venture capital firms, making it by far the most well-funded option on the market. This allowed the company to quickly capture market share and become a household name ...', 'banner_image': 'https://cdn.benzinga.com/files/images/story/2023/01/20/anh-nhat-ff0oh63jhji-unsplash.jpg?width=1200&height=800&fit=crop', 'source': 'Benzinga', 'category_within_source': 'News', 'source_domain': 'www.benzinga.com', 'topics': [{'topic': 'Technology', 'relevance_score': '1.0'}, {'topic': 'Financial Markets', 'relevance_score': '0.796627'}], 'overall_sentiment_score': 0.070403, 'overall_sentiment_label': 'Neutral', 'ticker_sentiment': [{'ticker': 'GOOG', 'relevance_score': '0.175221', 'ticker_sentiment_score': '-0.165685', 'ticker_sentiment_label': 'Somewhat-Bearish'}, {'ticker': 'AAPL', 'relevance_score': '0.561606', 'ticker_sentiment_score': '0.223544', 'ticker_sentiment_label': 'Somewhat-Bullish'}]}"
50,x <= -0.35: Bearish; -0.35 < x <= -0.15: Somewhat-Bearish; -0.15 < x < 0.15: Neutral; 0.15 <= x < 0.35: Somewhat_Bullish; x >= 0.35: Bullish,"0 < x <= 1, with a higher score indicating higher relevance.","{'title': 'Could Alphabet Cuts Spell a Potentially Tough Year Ahead for Tech?', 'url': 'https://www.benzinga.com/markets/23/01/30504478/could-alphabet-cuts-spell-a-potentially-tough-year-ahead-for-tech', 'time_published': '20230120T153603', 'authors': ['TD Ameritrade Network'], 'summary': ""( Friday Market Open ) The weekend probably can't come soon enough for the info tech world with Friday's latest round of layoffs. This time, it's Alphabet GOOGL announcing 12,000 job cuts. That follows Microsoft MSFT earlier this week and other major mega-cap tech companies slicing their ..."", 'banner_image': 'https://cdn.benzinga.com/files/images/story/2023/01/20/shutterstock_2167859457.jpg?width=1200&height=800&fit=crop', 'source': 'Benzinga', 'category_within_source': 'Markets', 'source_domain': 'www.benzinga.com', 'topics': [{'topic': 'Life Sciences', 'relevance_score': '0.166667'}, {'topic': 'Energy & Transportation', 'relevance_score': '0.166667'}, {'topic': 'Technology', 'relevance_score': '0.166667'}, {'topic': 'Finance', 'relevance_score': '0.166667'}, {'topic': 'Economy - Monetary', 'relevance_score': '0.576289'}, {'topic': 'Economy - Fiscal', 'relevance_score': '0.158519'}, {'topic': 'Retail & Wholesale', 'relevance_score': '0.166667'}, {'topic': 'Financial Markets', 'relevance_score': '0.999174'}, {'topic': 'Manufacturing', 'relevance_score': '0.166667'}, {'topic': 'Earnings', 'relevance_score': '1.0'}, {'topic': 'Economy - Macro', 'relevance_score': '0.310843'}], 'overall_sentiment_score': -0.060092, 'overall_sentiment_label': 'Neutral', 'ticker_sentiment': [{'ticker': 'ALK', 'relevance_score': '0.036228', 'ticker_sentiment_score': '0.123035', 'ticker_sentiment_label': 'Neutral'}, {'ticker': 'TGT', 'relevance_score': '0.036228', 'ticker_sentiment_score': '-0.111469', 'ticker_sentiment_label': 'Neutral'}, {'ticker': 'AAPL', 'relevance_score': '0.036228', 'ticker_sentiment_score': '-0.091283', 'ticker_sentiment_label': 'Neutral'}, {'ticker': 'CVX', 'relevance_score': '0.036228', 'ticker_sentiment_score': '0.0', 'ticker_sentiment_label': 'Neutral'}, {'ticker': 'MDNDF', 'relevance_score': '0.018118', 'ticker_sentiment_score': '0.091442', 'ticker_sentiment_label': 'Neutral'}, {'ticker': 'VZ', 'relevance_score': '0.036228', 'ticker_sentiment_score': '0.0', 'ticker_sentiment_label': 'Neutral'}, {'ticker': 'JNJ', 'relevance_score': '0.07238', 'ticker_sentiment_score': '0.016078', 'ticker_sentiment_label': 'Neutral'}, {'ticker': 'TXN', 'relevance_score': '0.036228', 'ticker_sentiment_score': '0.018898', 'ticker_sentiment_label': 'Neutral'}, {'ticker': 'PFE', 'relevance_score': '0.036228', 'ticker_sentiment_score': '0.100597', 'ticker_sentiment_label': 'Neutral'}, {'ticker': 'MSFT', 'relevance_score': '0.144167', 'ticker_sentiment_score': '-0.040017', 'ticker_sentiment_label': 'Neutral'}, {'ticker': 'TSLA', 'relevance_score': '0.07238', 'ticker_sentiment_score': '-0.068675', 'ticker_sentiment_label': 'Neutral'}, {'ticker': 'BX', 'relevance_score': '0.036228', 'ticker_sentiment_score': '0.123035', 'ticker_sentiment_label': 'Neutral'}, {'ticker': 'UNP', 'relevance_score': '0.07238', 'ticker_sentiment_score': '0.016078', 'ticker_sentiment_label': 'Neutral'}, {'ticker': 'GE', 'relevance_score': '0.054318', 'ticker_sentiment_score': '0.0', 'ticker_sentiment_label': 'Neutral'}, {'ticker': 'JWN', 'relevance_score': '0.036228', 'ticker_sentiment_score': '-0.111469', 'ticker_sentiment_label': 'Neutral'}, {'ticker': 'NFLX', 'relevance_score': '0.090406', 'ticker_sentiment_score': '0.118161', 'ticker_sentiment_label': 'Neutral'}, {'ticker': 'WHR', 'relevance_score': '0.036228', 'ticker_sentiment_score': '0.0', 'ticker_sentiment_label': 'Neutral'}, {'ticker': 'NVDA', 'relevance_score': '0.036228', 'ticker_sentiment_score': '-0.091283', 'ticker_sentiment_label': 'Neutral'}, {'ticker': 'GM', 'relevance_score': '0.036228', 'ticker_sentiment_score': '0.100597', 'ticker_sentiment_label': 'Neutral'}, {'ticker': 'BKR', 'relevance_score': '0.036228', 'ticker_sentiment_score': '0.0', 'ticker_sentiment_label': 'Neutral'}, {'ticker': 'AAL', 'relevance_score': '0.07238', 'ticker_sentiment_score': '0.054307', 'ticker_sentiment_label': 'Neutral'}, {'ticker': 'LUV', 'relevance_score': '0.036228', 'ticker_sentiment_score': '0.123035', 'ticker_sentiment_label': 'Neutral'}, {'ticker': 'LMT', 'relevance_score': '0.036228', 'ticker_sentiment_score': '0.0', 'ticker_sentiment_label': 'Neutral'}, {'ticker': 'INTC', 'relevance_score': '0.036228', 'ticker_sentiment_score': '0.018898', 'ticker_sentiment_label': 'Neutral'}, {'ticker': 'CAT', 'relevance_score': '0.07238', 'ticker_sentiment_score': '-0.035511', 'ticker_sentiment_label': 'Neutral'}, {'ticker': 'XOM', 'relevance_score': '0.036228', 'ticker_sentiment_score': '0.100597', 'ticker_sentiment_label': 'Neutral'}, {'ticker': 'AXP', 'relevance_score': '0.090406', 'ticker_sentiment_score': '0.048868', 'ticker_sentiment_label': 'Neutral'}, {'ticker': 'SCHW', 'relevance_score': '0.018118', 'ticker_sentiment_score': '-0.13116', 'ticker_sentiment_label': 'Neutral'}, {'ticker': 'HD', 'relevance_score': '0.036228', 'ticker_sentiment_score': '-0.091283', 'ticker_sentiment_label': 'Neutral'}, {'ticker': 'AMZN', 'relevance_score': '0.07238', 'ticker_sentiment_score': '0.00309', 'ticker_sentiment_label': 'Neutral'}, {'ticker': 'BA', 'relevance_score': '0.07238', 'ticker_sentiment_score': '0.016078', 'ticker_sentiment_label': 'Neutral'}, {'ticker': 'STLD', 'relevance_score': '0.036228', 'ticker_sentiment_score': '0.0', 'ticker_sentiment_label': 'Neutral'}, {'ticker': 'WMT', 'relevance_score': '0.036228', 'ticker_sentiment_score': '-0.111469', 'ticker_sentiment_label': 'Neutral'}]}"
50,x <= -0.35: Bearish; -0.35 < x <= -0.15: Somewhat-Bearish; -0.15 < x < 0.15: Neutral; 0.15 <= x < 0.35: Somewhat_Bullish; x >= 0.35: Bullish,"0 < x <= 1, with a higher score indicating higher relevance.","{'title': '1 Huge Reason Stocks Could Rally in 2023', 'url': 'https://www.fool.com/investing/2023/01/20/1-huge-reason-stocks-could-rally-in-2023/', 'time_published': '20230120T150000', 'authors': ['Nicholas Rossolillo'], 'summary': 'The U.S. dollar has a complicated relationship with multinational companies, and it was devastating to U.S. stocks in 2022.', 'banner_image': 'https://media.ycharts.com/charts/24c5a9b413c5d0ae302819bc9d58effe.png', 'source': 'Motley Fool', 'category_within_source': 'n/a', 'source_domain': 'www.fool.com', 'topics': [{'topic': 'Economy - Monetary', 'relevance_score': '0.9545'}, {'topic': 'Economy - Fiscal', 'relevance_score': '0.158519'}, {'topic': 'Earnings', 'relevance_score': '0.999819'}, {'topic': 'Technology', 'relevance_score': '0.5'}, {'topic': 'Finance', 'relevance_score': '0.5'}, {'topic': 'Economy - Macro', 'relevance_score': '0.576289'}], 'overall_sentiment_score': 0.147705, 'overall_sentiment_label': 'Neutral', 'ticker_sentiment': [{'ticker': 'IVZ', 'relevance_score': '0.041251', 'ticker_sentiment_score': '0.091463', 'ticker_sentiment_label': 'Neutral'}, {'ticker': 'MSFT', 'relevance_score': '0.163909', 'ticker_sentiment_score': '0.127848', 'ticker_sentiment_label': 'Neutral'}, {'ticker': 'AAPL', 'relevance_score': '0.243701', 'ticker_sentiment_score': '0.173549', 'ticker_sentiment_label': 'Somewhat-Bullish'}, {'ticker': 'FOREX:CHF', 'relevance_score': '0.041251', 'ticker_sentiment_score': '0.091463', 'ticker_sentiment_label': 'Neutral'}, {'ticker': 'FOREX:SEK', 'relevance_score': '0.041251', 'ticker_sentiment_score': '0.091463', 'ticker_sentiment_label': 'Neutral'}, {'ticker': 'FOREX:JPY', 'relevance_score': '0.041251', 'ticker_sentiment_score': '0.091463', 'ticker_sentiment_label': 'Neutral'}, {'ticker': 'FOREX:GBP', 'relevance_score': '0.041251', 'ticker_sentiment_score': '0.091463', 'ticker_sentiment_label': 'Neutral'}, {'ticker': 'FOREX:CAD', 'relevance_score': '0.041251', 'ticker_sentiment_score': '0.091463', 'ticker_sentiment_label': 'Neutral'}, {'ticker': 'FOREX:USD', 'relevance_score': '0.465196', 'ticker_sentiment_score': '0.210199', 'ticker_sentiment_label': 'Somewhat-Bullish'}]}"
50,x <= -0.35: Bearish; -0.35 < x <= -0.15: Somewhat-Bearish; -0.15 < x < 0.15: Neutral; 0.15 <= x < 0.35: Somewhat_Bullish; x >= 0.35: Bullish,"0 < x <= 1, with a higher score indicating higher relevance.","{'title': ""This Solar Company's 5-Year Return Outshines Tesla, Bitcoin, Ethereum, Ford, Apple, Microsoft And Amazon"", 'url': 'https://www.benzinga.com/trading-ideas/long-ideas/23/01/30495840/this-solar-companys-5-year-return-outshines-tesla-bitcoin-ethereum-ford-apple-microsoft-', 'time_published': '20230120T143808', 'authors': ['Henry Khederian'], 'summary': 'Solar innovator Enphase Energy Inc ENPH delivered beaming returns for traders and investors in recent years.', 'banner_image': 'https://cdn.benzinga.com/files/images/story/2023/01/20/solar_panels.jpg?width=1200&height=800&fit=crop', 'source': 'Benzinga', 'category_within_source': 'Trading', 'source_domain': 'www.benzinga.com', 'topics': [{'topic': 'Retail & Wholesale', 'relevance_score': '0.333333'}, {'topic': 'Manufacturing', 'relevance_score': '0.333333'}, {'topic': 'Technology', 'relevance_score': '0.333333'}, {'topic': 'Blockchain', 'relevance_score': '0.158519'}], 'overall_sentiment_score': 0.194443, 'overall_sentiment_label': 'Somewhat-Bullish', 'ticker_sentiment': [{'ticker': 'MSFT', 'relevance_score': '0.539306', 'ticker_sentiment_score': '0.271859', 'ticker_sentiment_label': 'Somewhat-Bullish'}, {'ticker': 'ENPH', 'relevance_score': '0.781119', 'ticker_sentiment_score': '0.486509', 'ticker_sentiment_label': 'Bullish'}, {'ticker': 'AAPL', 'relevance_score': '0.539306', 'ticker_sentiment_score': '0.271859', 'ticker_sentiment_label': 'Somewhat-Bullish'}, {'ticker': 'TSLA', 'relevance_score': '0.539306', 'ticker_sentiment_score': '0.271859', 'ticker_sentiment_label': 'Somewhat-Bullish'}, {'ticker': 'AMZN', 'relevance_score': '0.377142', 'ticker_sentiment_score': '0.217318', 'ticker_sentiment_label': 'Somewhat-Bullish'}, {'ticker': 'F', 'relevance_score': '0.377142', 'ticker_sentiment_score': '0.272387', 'ticker_sentiment_label': 'Somewhat-Bullish'}, {'ticker': 'CRYPTO:BTC', 'relevance_score': '0.539306', 'ticker_sentiment_score': '0.271859', 'ticker_sentiment_label': 'Somewhat-Bullish'}, {'ticker': 'CRYPTO:ETH', 'relevance_score': '0.539306', 'ticker_sentiment_score': '0.271859', 'ticker_sentiment_label': 'Somewhat-Bullish'}]}"
50,x <= -0.35: Bearish; -0.35 < x <= -0.15: Somewhat-Bearish; -0.15 < x < 0.15: Neutral; 0.15 <= x < 0.35: Somewhat_Bullish; x >= 0.35: Bullish,"0 < x <= 1, with a higher score indicating higher relevance.","{'title': 'EXCLUSIVE: Poll Reveals Top Picks For A $25,000 Long-Term Investment In 2023', 'url': 'https://www.benzinga.com/markets/cryptocurrency/23/01/30491976/exclusive-benzinga-poll-reveals-top-picks-for-a-25-000-long-term-investment-in-2023', 'time_published': '20230120T142750', 'authors': ['AJ Fabino'], 'summary': 'After a sour year in the stock market that saw the broad market S&P 500 SPY fall nearly 20%, and other pandemic-darlings like Apple Inc AAPL, and Amazon.com, Inc AMZN falling by as much as 50%, investors are looking for a sharp reversal to the upside in 2023.', 'banner_image': 'https://cdn.benzinga.com/files/images/story/2023/01/20/stock__chart_image.jpg?width=1200&height=800&fit=crop', 'source': 'Benzinga', 'category_within_source': 'Markets', 'source_domain': 'www.benzinga.com', 'topics': [{'topic': 'Economy - Monetary', 'relevance_score': '0.158519'}, {'topic': 'Retail & Wholesale', 'relevance_score': '0.5'}, {'topic': 'Financial Markets', 'relevance_score': '0.684621'}, {'topic': 'Technology', 'relevance_score': '0.5'}], 'overall_sentiment_score': 0.071345, 'overall_sentiment_label': 'Neutral', 'ticker_sentiment': [{'ticker': 'AAPL', 'relevance_score': '0.535653', 'ticker_sentiment_score': '0.08348', 'ticker_sentiment_label': 'Neutral'}, {'ticker': 'AMZN', 'relevance_score': '0.374312', 'ticker_sentiment_score': '0.066054', 'ticker_sentiment_label': 'Neutral'}]}"
50,x <= -0.35: Bearish; -0.35 < x <= -0.15: Somewhat-Bearish; -0.15 < x < 0.15: Neutral; 0.15 <= x < 0.35: Somewhat_Bullish; x >= 0.35: Bullish,"0 < x <= 1, with a higher score indicating higher relevance.","{'title': 'LG ELECTRONICS USA DEBUTS ITS NEW CINEBEAM SMART PORTABLE PROJECTOR', 'url': 'https://www.benzinga.com/pressreleases/23/01/n30501728/lg-electronics-usa-debuts-its-new-cinebeam-smart-portable-projector', 'time_published': '20230120T140000', 'authors': ['PRNewswire'], 'summary': ""LG's New PF510Q Projector Offers Key Advancements, Features and Portability of a Fully Flexible Smart Cinema ENGLEWOOD CLIFFS, N.J., Jan. 20, 2023 /PRNewswire/ -- LG Electronics USA has introduced and announced immediate availability of its new CineBeam Smart Portable Projector, joining the ..."", 'banner_image': '', 'source': 'Benzinga', 'category_within_source': 'General', 'source_domain': 'www.benzinga.com', 'topics': [{'topic': 'Technology', 'relevance_score': '1.0'}], 'overall_sentiment_score': 0.442143, 'overall_sentiment_label': 'Bullish', 'ticker_sentiment': [{'ticker': 'GOOG', 'relevance_score': '0.05654', 'ticker_sentiment_score': '0.247', 'ticker_sentiment_label': 'Somewhat-Bullish'}, {'ticker': 'AAPL', 'relevance_score': '0.05654', 'ticker_sentiment_score': '0.040931', 'ticker_sentiment_label': 'Neutral'}]}"
50,x <= -0.35: Bearish; -0.35 < x <= -0.15: Somewhat-Bearish; -0.15 < x < 0.15: Neutral; 0.15 <= x < 0.35: Somewhat_Bullish; x >= 0.35: Bullish,"0 < x <= 1, with a higher score indicating higher relevance.","{'title': 'Futures Fall Ahead Of Housing Data', 'url': 'https://www.investors.com/market-trend/stock-market-today/dow-jones-futures-rise-ahead-of-housing-data-netflix-surges-on-subscriber-growth/', 'time_published': '20230120T135600', 'authors': ['SCOTT LEHTONEN', ""Investor's Business Daily""], 'summary': ""Dow Jones futures fell modestly Friday morning ahead of housing data, threatening to extend a three-day losing streak. China's markets rallied heading into their Lunar New Year break, giving a boost to global markets. Netflix ( NFLX ) stock surged more than 6% after the company's ..."", 'banner_image': 'https://www.investors.com/wp-content/uploads/2017/11/stock-nyse-flag-adobe.jpg', 'source': 'Investors Business Daily', 'category_within_source': 'n/a', 'source_domain': 'www.investors.com', 'topics': [{'topic': 'Life Sciences', 'relevance_score': '0.166667'}, {'topic': 'Energy & Transportation', 'relevance_score': '0.166667'}, {'topic': 'Technology', 'relevance_score': '0.166667'}, {'topic': 'Finance', 'relevance_score': '0.166667'}, {'topic': 'Financial Markets', 'relevance_score': '1.0'}, {'topic': 'Manufacturing', 'relevance_score': '0.166667'}, {'topic': 'Earnings', 'relevance_score': '0.988787'}, {'topic': 'Real Estate & Construction', 'relevance_score': '0.166667'}], 'overall_sentiment_score': 0.161981, 'overall_sentiment_label': 'Somewhat-Bullish', 'ticker_sentiment': [{'ticker': 'MEDP', 'relevance_score': '0.150278', 'ticker_sentiment_score': '0.228154', 'ticker_sentiment_label': 'Somewhat-Bullish'}, {'ticker': 'NFLX', 'relevance_score': '0.075476', 'ticker_sentiment_score': '0.080934', 'ticker_sentiment_label': 'Neutral'}, {'ticker': 'CELH', 'relevance_score': '0.050359', 'ticker_sentiment_score': '0.15794', 'ticker_sentiment_label': 'Somewhat-Bullish'}, {'ticker': 'AAPL', 'relevance_score': '0.12546', 'ticker_sentiment_score': '0.043689', 'ticker_sentiment_label': 'Neutral'}, {'ticker': 'CVX', 'relevance_score': '0.12546', 'ticker_sentiment_score': '0.202621', 'ticker_sentiment_label': 'Somewhat-Bullish'}, {'ticker': 'JPM', 'relevance_score': '0.025192', 'ticker_sentiment_score': '-0.058539', 'ticker_sentiment_label': 'Neutral'}, {'ticker': 'MNST', 'relevance_score': '0.12546', 'ticker_sentiment_score': '0.134482', 'ticker_sentiment_label': 'Neutral'}, {'ticker': 'BKR', 'relevance_score': '0.050359', 'ticker_sentiment_score': '0.008961', 'ticker_sentiment_label': 'Neutral'}, {'ticker': 'SLB', 'relevance_score': '0.075476', 'ticker_sentiment_score': '0.186306', 'ticker_sentiment_label': 'Somewhat-Bullish'}, {'ticker': 'VRTX', 'relevance_score': '0.100518', 'ticker_sentiment_score': '0.097882', 'ticker_sentiment_label': 'Neutral'}, {'ticker': 'ABBV', 'relevance_score': '0.050359', 'ticker_sentiment_score': '0.036867', 'ticker_sentiment_label': 'Neutral'}, {'ticker': 'IVZ', 'relevance_score': '0.025192', 'ticker_sentiment_score': '0.106804', 'ticker_sentiment_label': 'Neutral'}, {'ticker': 'FLR', 'relevance_score': '0.150278', 'ticker_sentiment_score': '0.067842', 'ticker_sentiment_label': 'Neutral'}, {'ticker': 'MSFT', 'relevance_score': '0.100518', 'ticker_sentiment_score': '-0.005423', 'ticker_sentiment_label': 'Neutral'}, {'ticker': 'TSLA', 'relevance_score': '0.12546', 'ticker_sentiment_score': '-0.048669', 'ticker_sentiment_label': 'Neutral'}, {'ticker': 'V', 'relevance_score': '0.12546', 'ticker_sentiment_score': '0.099225', 'ticker_sentiment_label': 'Neutral'}, {'ticker': 'CAT', 'relevance_score': '0.100518', 'ticker_sentiment_score': '0.111083', 'ticker_sentiment_label': 'Neutral'}, {'ticker': 'REGN', 'relevance_score': '0.050359', 'ticker_sentiment_score': '-0.062917', 'ticker_sentiment_label': 'Neutral'}]}"
50,x <= -0.35: Bearish; -0.35 < x <= -0.15: Somewhat-Bearish; -0.15 < x < 0.15: Neutral; 0.15 <= x < 0.35: Somewhat_Bullish; x >= 0.35: Bullish,"0 < x <= 1, with a higher score indicating higher relevance.","{'title': ""DraftKings, FanDuel And These Streaming Apps Climb Apple's App Store Rankings As NFL Playoffs Kick Off"", 'url': 'https://www.benzinga.com/general/sports-betting/23/01/30491506/draftkings-fanduel-and-these-streaming-apps-climb-apples-app-store-rankings-as-nfl-playoff', 'time_published': '20230120T133440', 'authors': ['Adam Eckert'], 'summary': 'Sports betting apps saw the biggest boost from the start of the NFL playoffs over the weekend, but one streaming app also had a significant increase in usage.', 'banner_image': 'https://cdn.benzinga.com/files/images/story/2023/01/19/4875018588_2304000aef_k.jpg?width=1200&height=800&fit=crop', 'source': 'Benzinga', 'category_within_source': 'General', 'source_domain': 'www.benzinga.com', 'topics': [{'topic': 'Technology', 'relevance_score': '1.0'}], 'overall_sentiment_score': 0.256828, 'overall_sentiment_label': 'Somewhat-Bullish', 'ticker_sentiment': [{'ticker': 'DKNG', 'relevance_score': '0.233556', 'ticker_sentiment_score': '0.0', 'ticker_sentiment_label': 'Neutral'}, {'ticker': 'AAPL', 'relevance_score': '0.344074', 'ticker_sentiment_score': '0.081037', 'ticker_sentiment_label': 'Neutral'}, {'ticker': 'CCZ', 'relevance_score': '0.118064', 'ticker_sentiment_score': '0.12947', 'ticker_sentiment_label': 'Neutral'}, {'ticker': 'SMWB', 'relevance_score': '0.118064', 'ticker_sentiment_score': '0.117011', 'ticker_sentiment_label': 'Neutral'}, {'ticker': 'PDYPF', 'relevance_score': '0.233556', 'ticker_sentiment_score': '0.0', 'ticker_sentiment_label': 'Neutral'}]}"
50,x <= -0.35: Bearish; -0.35 < x <= -0.15: Somewhat-Bearish; -0.15 < x < 0.15: Neutral; 0.15 <= x < 0.35: Somewhat_Bullish; x >= 0.35: Bullish,"0 < x <= 1, with a higher score indicating higher relevance.","{'title': '2 Top Warren Buffett Stocks to Buy in 2023 and Hold Forever', 'url': 'https://www.fool.com/investing/2023/01/20/2-top-warren-buffett-stocks-to-buy-in-2023-and-hol/', 'time_published': '20230120T130300', 'authors': ['Prosper Junior Bakiny'], 'summary': 'These companies have long track records of beating the market.', 'banner_image': 'https://media.ycharts.com/charts/e5913147d053946524f946ac827d1332.png', 'source': 'Motley Fool', 'category_within_source': 'n/a', 'source_domain': 'www.fool.com', 'topics': [{'topic': 'Economy - Monetary', 'relevance_score': '0.158519'}, {'topic': 'Financial Markets', 'relevance_score': '0.938793'}, {'topic': 'Earnings', 'relevance_score': '0.158519'}, {'topic': 'Technology', 'relevance_score': '0.5'}, {'topic': 'Finance', 'relevance_score': '0.5'}], 'overall_sentiment_score': 0.295139, 'overall_sentiment_label': 'Somewhat-Bullish', 'ticker_sentiment': [{'ticker': 'AAPL', 'relevance_score': '0.265378', 'ticker_sentiment_score': '0.312218', 'ticker_sentiment_label': 'Somewhat-Bullish'}, {'ticker': 'BRK-A', 'relevance_score': '0.348715', 'ticker_sentiment_score': '0.351275', 'ticker_sentiment_label': 'Bullish'}]}"
50,x <= -0.35: Bearish; -0.35 < x <= -0.15: Somewhat-Bearish; -0.15 < x < 0.15: Neutral; 0.15 <= x < 0.35: Somewhat_Bullish; x >= 0.35: Bullish,"0 < x <= 1, with a higher score indicating higher relevance.","{'title': 'A Bull Market Is Coming. 3 Growth ETFs to Buy Right Now', 'url': 'https://www.fool.com/investing/2023/01/20/a-bull-market-is-coming-3-growth-etfs-to-buy-right/', 'time_published': '20230120T114500', 'authors': ['Katie Brockman'], 'summary': 'These ETFs can set you up for significant returns when the market rebounds.', 'banner_image': 'https://g.foolcdn.com/image/?url=https%3A%2F%2Fg.foolcdn.com%2Feditorial%2Fimages%2F716650%2Fwarren-buffett-in-a-group-of-people.jpg&op=resize&h=340', 'source': 'Motley Fool', 'category_within_source': 'n/a', 'source_domain': 'www.fool.com', 'topics': [{'topic': 'Retail & Wholesale', 'relevance_score': '0.333333'}, {'topic': 'Financial Markets', 'relevance_score': '0.967321'}, {'topic': 'Earnings', 'relevance_score': '0.310843'}, {'topic': 'Technology', 'relevance_score': '0.333333'}, {'topic': 'Finance', 'relevance_score': '0.333333'}], 'overall_sentiment_score': 0.229701, 'overall_sentiment_label': 'Somewhat-Bullish', 'ticker_sentiment': [{'ticker': 'MSFT', 'relevance_score': '0.063933', 'ticker_sentiment_score': '0.173241', 'ticker_sentiment_label': 'Somewhat-Bullish'}, {'ticker': 'AAPL', 'relevance_score': '0.127456', 'ticker_sentiment_score': '0.16345', 'ticker_sentiment_label': 'Somewhat-Bullish'}, {'ticker': 'IVZ', 'relevance_score': '0.063933', 'ticker_sentiment_score': '0.18227', 'ticker_sentiment_label': 'Somewhat-Bullish'}, {'ticker': 'AMZN', 'relevance_score': '0.127456', 'ticker_sentiment_score': '0.16345', 'ticker_sentiment_label': 'Somewhat-Bullish'}]}"
50,x <= -0.35: Bearish; -0.35 < x <= -0.15: Somewhat-Bearish; -0.15 < x < 0.15: Neutral; 0.15 <= x < 0.35: Somewhat_Bullish; x >= 0.35: Bullish,"0 < x <= 1, with a higher score indicating higher relevance.","{'title': 'Apple Stock: Bull vs. Bear', 'url': 'https://www.fool.com/investing/2023/01/20/apple-stock-bull-vs-bear/', 'time_published': '20230120T112700', 'authors': ['CFA', 'Keith Noonan and Parkev Tatevosian'], 'summary': 'Down 21.5% over the last year, should investors be buying Apple stock?', 'banner_image': 'https://g.foolcdn.com/image/?url=https%3A%2F%2Fg.foolcdn.com%2Feditorial%2Fimages%2F716835%2Fhands-holding-iphone-14s.jpg&op=resize&w=700', 'source': 'Motley Fool', 'category_within_source': 'n/a', 'source_domain': 'www.fool.com', 'topics': [{'topic': 'Economy - Monetary', 'relevance_score': '0.451494'}, {'topic': 'Financial Markets', 'relevance_score': '0.459462'}, {'topic': 'Earnings', 'relevance_score': '0.986564'}, {'topic': 'Technology', 'relevance_score': '1.0'}], 'overall_sentiment_score': 0.238272, 'overall_sentiment_label': 'Somewhat-Bullish', 'ticker_sentiment': [{'ticker': 'AAPL', 'relevance_score': '0.701177', 'ticker_sentiment_score': '0.330166', 'ticker_sentiment_label': 'Somewhat-Bullish'}]}"
50,x <= -0.35: Bearish; -0.35 < x <= -0.15: Somewhat-Bearish; -0.15 < x < 0.15: Neutral; 0.15 <= x < 0.35: Somewhat_Bullish; x >= 0.35: Bullish,"0 < x <= 1, with a higher score indicating higher relevance.","{'title': 'Should Vanguard Growth ETF  ( VUG )  Be on Your Investing Radar?', 'url': 'https://www.zacks.com/stock/news/2041760/should-vanguard-growth-etf-vug-be-on-your-investing-radar', 'time_published': '20230120T112006', 'authors': ['Zacks Investment Research'], 'summary': 'Style Box ETF report for VUG ...', 'banner_image': 'https://staticx-tuner.zacks.com/images/default_article_images/default223.jpg', 'source': 'Zacks Commentary', 'category_within_source': 'n/a', 'source_domain': 'www.zacks.com', 'topics': [{'topic': 'Financial Markets', 'relevance_score': '0.999999'}, {'topic': 'Earnings', 'relevance_score': '0.310843'}, {'topic': 'Technology', 'relevance_score': '0.5'}, {'topic': 'Finance', 'relevance_score': '0.5'}], 'overall_sentiment_score': 0.279776, 'overall_sentiment_label': 'Somewhat-Bullish', 'ticker_sentiment': [{'ticker': 'IVZ', 'relevance_score': '0.120431', 'ticker_sentiment_score': '0.095912', 'ticker_sentiment_label': 'Neutral'}, {'ticker': 'MSFT', 'relevance_score': '0.120431', 'ticker_sentiment_score': '0.064461', 'ticker_sentiment_label': 'Neutral'}, {'ticker': 'AAPL', 'relevance_score': '0.120431', 'ticker_sentiment_score': '0.064461', 'ticker_sentiment_label': 'Neutral'}]}"
50,x <= -0.35: Bearish; -0.35 < x <= -0.15: Somewhat-Bearish; -0.15 < x < 0.15: Neutral; 0.15 <= x < 0.35: Somewhat_Bullish; x >= 0.35: Bullish,"0 < x <= 1, with a higher score indicating higher relevance.","{'title': 'Should You Invest in the Fidelity MSCI Information Technology Index ETF  ( FTEC ) ?', 'url': 'https://www.zacks.com/stock/news/2041766/should-you-invest-in-the-fidelity-msci-information-technology-index-etf-ftec', 'time_published': '20230120T112004', 'authors': ['Zacks Investment Research'], 'summary': 'Sector ETF report for ...', 'banner_image': 'https://staticx-tuner.zacks.com/images/default_article_images/default150.jpg', 'source': 'Zacks Commentary', 'category_within_source': 'n/a', 'source_domain': 'www.zacks.com', 'topics': [{'topic': 'Technology', 'relevance_score': '0.5'}, {'topic': 'Financial Markets', 'relevance_score': '1.0'}, {'topic': 'Manufacturing', 'relevance_score': '0.5'}], 'overall_sentiment_score': 0.161666, 'overall_sentiment_label': 'Somewhat-Bullish', 'ticker_sentiment': [{'ticker': 'MSFT', 'relevance_score': '0.127119', 'ticker_sentiment_score': '0.05092', 'ticker_sentiment_label': 'Neutral'}, {'ticker': 'NVDA', 'relevance_score': '0.127119', 'ticker_sentiment_score': '0.05092', 'ticker_sentiment_label': 'Neutral'}, {'ticker': 'AAPL', 'relevance_score': '0.127119', 'ticker_sentiment_score': '0.05092', 'ticker_sentiment_label': 'Neutral'}]}"
50,x <= -0.35: Bearish; -0.35 < x <= -0.15: Somewhat-Bearish; -0.15 < x < 0.15: Neutral; 0.15 <= x < 0.35: Somewhat_Bullish; x >= 0.35: Bullish,"0 < x <= 1, with a higher score indicating higher relevance.","{'title': 'The Global Smartphone Market Just Fell Off a Cliff. Apple Beat the Odds.', 'url': 'https://www.fool.com/investing/2023/01/20/the-global-smartphone-market-just-fell-off-a-cliff/', 'time_published': '20230120T110300', 'authors': ['Danny Vena'], 'summary': 'Demand for the iPhone held up.', 'banner_image': 'https://g.foolcdn.com/image/?url=https%3A%2F%2Fg.foolcdn.com%2Feditorial%2Fimages%2F716930%2Fapple-iphone-14-pro-iphone-14-pro-max-hero-220907.jpg&op=resize&w=700', 'source': 'Motley Fool', 'category_within_source': 'n/a', 'source_domain': 'www.fool.com', 'topics': [{'topic': 'Earnings', 'relevance_score': '0.538269'}, {'topic': 'Economy - Monetary', 'relevance_score': '0.451494'}, {'topic': 'Technology', 'relevance_score': '1.0'}], 'overall_sentiment_score': -0.123549, 'overall_sentiment_label': 'Neutral', 'ticker_sentiment': [{'ticker': 'SSNLF', 'relevance_score': '0.059935', 'ticker_sentiment_score': '0.132429', 'ticker_sentiment_label': 'Neutral'}, {'ticker': 'AAPL', 'relevance_score': '0.452495', 'ticker_sentiment_score': '0.021271', 'ticker_sentiment_label': 'Neutral'}]}"
50,x <= -0.35: Bearish; -0.35 < x <= -0.15: Somewhat-Bearish; -0.15 < x < 0.15: Neutral; 0.15 <= x < 0.35: Somewhat_Bullish; x >= 0.35: Bullish,"0 < x <= 1, with a higher score indicating higher relevance.","{'title': '3 Stocks Warren Buffett Is Almost Certainly Buying in 2023', 'url': 'https://www.fool.com/investing/2023/01/20/3-stocks-warren-buffett-is-almost-certainly-buying/', 'time_published': '20230120T105500', 'authors': ['Keith Speights'], 'summary': 'There are compelling reasons to believe that Buffett is buying these stocks.', 'banner_image': 'https://g.foolcdn.com/image/?url=https%3A%2F%2Fg.foolcdn.com%2Feditorial%2Fimages%2F716805%2F2023-man-pointing-at-an-abstract-stock-chart.jpg&op=resize&h=340', 'source': 'Motley Fool', 'category_within_source': 'n/a', 'source_domain': 'www.fool.com', 'topics': [{'topic': 'Financial Markets', 'relevance_score': '0.980922'}, {'topic': 'Earnings', 'relevance_score': '0.310843'}, {'topic': 'Energy & Transportation', 'relevance_score': '0.333333'}, {'topic': 'Technology', 'relevance_score': '0.333333'}, {'topic': 'Finance', 'relevance_score': '0.333333'}], 'overall_sentiment_score': 0.282218, 'overall_sentiment_label': 'Somewhat-Bullish', 'ticker_sentiment': [{'ticker': 'OXY', 'relevance_score': '0.115787', 'ticker_sentiment_score': '-0.004531', 'ticker_sentiment_label': 'Neutral'}, {'ticker': 'AAPL', 'relevance_score': '0.389744', 'ticker_sentiment_score': '0.194222', 'ticker_sentiment_label': 'Somewhat-Bullish'}, {'ticker': 'BRK-A', 'relevance_score': '0.058047', 'ticker_sentiment_score': '0.054073', 'ticker_sentiment_label': 'Neutral'}]}"
50,x <= -0.35: Bearish; -0.35 < x <= -0.15: Somewhat-Bearish; -0.15 < x < 0.15: Neutral; 0.15 <= x < 0.35: Somewhat_Bullish; x >= 0.35: Bullish,"0 < x <= 1, with a higher score indicating higher relevance.","{'title': ""Uber's Chinese Rival DiDi's Apps Make Way Back To China's Leading Mobile Stores"", 'url': 'https://www.benzinga.com/government/23/01/30497571/ubers-chinese-rival-didis-apps-make-way-back-to-chinas-leading-mobile-stores', 'time_published': '20230120T101349', 'authors': ['Anusuya Lahiri'], 'summary': ""Chinese technology company DiDi Global Inc's DIDIY domestic ride-hailing app returned to China's domestic Apple Inc AAPL app store. The app also returned to some Android app stores on January 17, Reuters reports."", 'banner_image': 'https://cdn.benzinga.com/files/images/story/2023/01/20/didi-logo.png?optimize=medium&dpr=2&auto=webp&width=3840', 'source': 'Benzinga', 'category_within_source': 'News', 'source_domain': 'www.benzinga.com', 'topics': [{'topic': 'IPO', 'relevance_score': '0.158519'}, {'topic': 'Technology', 'relevance_score': '1.0'}, {'topic': 'Financial Markets', 'relevance_score': '0.108179'}], 'overall_sentiment_score': 0.191694, 'overall_sentiment_label': 'Somewhat-Bullish', 'ticker_sentiment': [{'ticker': 'BABA', 'relevance_score': '0.268294', 'ticker_sentiment_score': '0.029871', 'ticker_sentiment_label': 'Neutral'}, {'ticker': 'UBER', 'relevance_score': '0.268294', 'ticker_sentiment_score': '0.4132', 'ticker_sentiment_label': 'Bullish'}, {'ticker': 'AAPL', 'relevance_score': '0.268294', 'ticker_sentiment_score': '0.0', 'ticker_sentiment_label': 'Neutral'}]}"
50,x <= -0.35: Bearish; -0.35 < x <= -0.15: Somewhat-Bearish; -0.15 < x < 0.15: Neutral; 0.15 <= x < 0.35: Somewhat_Bullish; x >= 0.35: Bullish,"0 < x <= 1, with a higher score indicating higher relevance.","{'title': ""89% of Warren Buffett's Secret Portfolio Is Invested in Just 5 Stocks"", 'url': 'https://www.fool.com/investing/2023/01/20/89-warren-buffett-secret-portfolio-is-in-5-stocks/', 'time_published': '20230120T100600', 'authors': ['Sean Williams'], 'summary': ""The Oracle of Omaha has a hidden $5.9 billion portfolio that's heavily concentrated in a handful of well-known stocks."", 'banner_image': 'https://g.foolcdn.com/image/?url=https%3A%2F%2Fg.foolcdn.com%2Feditorial%2Fimages%2F716696%2Fwarren-buffett-brka-brkb-berkshire-hathaway-motley-fool7.jpg&op=resize&w=700', 'source': 'Motley Fool', 'category_within_source': 'n/a', 'source_domain': 'www.fool.com', 'topics': [{'topic': 'Economy - Monetary', 'relevance_score': '0.451494'}, {'topic': 'Financial Markets', 'relevance_score': '0.999987'}, {'topic': 'Earnings', 'relevance_score': '0.614606'}, {'topic': 'Energy & Transportation', 'relevance_score': '0.333333'}, {'topic': 'Technology', 'relevance_score': '0.333333'}, {'topic': 'Finance', 'relevance_score': '0.333333'}], 'overall_sentiment_score': 0.262957, 'overall_sentiment_label': 'Somewhat-Bullish', 'ticker_sentiment': [{'ticker': 'AAPL', 'relevance_score': '0.136499', 'ticker_sentiment_score': '0.143668', 'ticker_sentiment_label': 'Neutral'}, {'ticker': 'BAKPF', 'relevance_score': '0.034282', 'ticker_sentiment_score': '0.096278', 'ticker_sentiment_label': 'Neutral'}, {'ticker': 'BAC', 'relevance_score': '0.170154', 'ticker_sentiment_score': '0.123649', 'ticker_sentiment_label': 'Neutral'}, {'ticker': 'CVX', 'relevance_score': '0.2035', 'ticker_sentiment_score': '0.151375', 'ticker_sentiment_label': 'Somewhat-Bullish'}, {'ticker': 'BRK-A', 'relevance_score': '0.136499', 'ticker_sentiment_score': '0.090962', 'ticker_sentiment_label': 'Neutral'}]}"
50,x <= -0.35: Bearish; -0.35 < x <= -0.15: Somewhat-Bearish; -0.15 < x < 0.15: Neutral; 0.15 <= x < 0.35: Somewhat_Bullish; x >= 0.35: Bullish,"0 < x <= 1, with a higher score indicating higher relevance.","{'title': 'Will Amazon Be the Largest Company in the World at the End of 2023?', 'url': 'https://www.fool.com/investing/2023/01/20/will-amazon-be-the-largest-company-in-the-world-at/', 'time_published': '20230120T100200', 'authors': ['Brett Schafer'], 'summary': ""The tech giant's stock has started the year out hot. Let's see if that will continue."", 'banner_image': 'https://media.ycharts.com/charts/2a9de4ee33312ddb5c340d373260c992.png', 'source': 'Motley Fool', 'category_within_source': 'n/a', 'source_domain': 'www.fool.com', 'topics': [{'topic': 'Retail & Wholesale', 'relevance_score': '0.5'}, {'topic': 'Financial Markets', 'relevance_score': '0.214378'}, {'topic': 'Earnings', 'relevance_score': '0.972756'}, {'topic': 'Technology', 'relevance_score': '0.5'}], 'overall_sentiment_score': 0.210541, 'overall_sentiment_label': 'Somewhat-Bullish', 'ticker_sentiment': [{'ticker': 'AAPL', 'relevance_score': '0.168884', 'ticker_sentiment_score': '0.159179', 'ticker_sentiment_label': 'Somewhat-Bullish'}, {'ticker': 'AMZN', 'relevance_score': '0.56578', 'ticker_sentiment_score': '0.26382', 'ticker_sentiment_label': 'Somewhat-Bullish'}]}"
50,x <= -0.35: Bearish; -0.35 < x <= -0.15: Somewhat-Bearish; -0.15 < x < 0.15: Neutral; 0.15 <= x < 0.35: Somewhat_Bullish; x >= 0.35: Bullish,"0 < x <= 1, with a higher score indicating higher relevance.","{'title': 'The 2023 Jeep Compass is a practical daily commuter with good off-road chops and a rugged exterior', 'url': 'https://www.marketwatch.com/story/the-2023-jeep-compass-is-a-practical-daily-commuter-with-good-off-road-chops-and-a-rugged-exterior-11673645431', 'time_published': '20230120T100000', 'authors': ['Eric Brandt'], 'summary': 'The rugged Jeep Compass gets a welcome update with a new turbocharged engine, standard all-wheel drive, and more standard features. Pricing starts at $29,995.', 'banner_image': 'https://images.mktw.net/im-702567?width=700&height=330', 'source': 'MarketWatch', 'category_within_source': 'Top Stories', 'source_domain': 'www.marketwatch.com', 'topics': [{'topic': 'Technology', 'relevance_score': '1.0'}], 'overall_sentiment_score': 0.220362, 'overall_sentiment_label': 'Somewhat-Bullish', 'ticker_sentiment': [{'ticker': 'AAPL', 'relevance_score': '0.077593', 'ticker_sentiment_score': '0.115547', 'ticker_sentiment_label': 'Neutral'}, {'ticker': 'FUJHF', 'relevance_score': '0.116161', 'ticker_sentiment_score': '0.110555', 'ticker_sentiment_label': 'Neutral'}]}"
50,x <= -0.35: Bearish; -0.35 < x <= -0.15: Somewhat-Bearish; -0.15 < x < 0.15: Neutral; 0.15 <= x < 0.35: Somewhat_Bullish; x >= 0.35: Bullish,"0 < x <= 1, with a higher score indicating higher relevance.","{'title': 'AppleTV+ Suffers Widespread Outage', 'url': 'https://www.benzinga.com/general/entertainment/23/01/30496602/apple-tv-showing-content-unavailable-error-dont-worry-youre-not-alone', 'time_published': '20230120T035655', 'authors': ['Ananya Gairola'], 'summary': 'Apple Inc.\'s AAPL TV streaming users are facing widespread outages with devices showing ""Content Unavailable"" error messages despite normal connectivity.', 'banner_image': 'https://cdn.benzinga.com/files/images/story/2023/Apple_TV+._Photo_by_Ivan_Marc_on_Shutterstock.jpeg?width=1200&height=800&fit=crop', 'source': 'Benzinga', 'category_within_source': 'General', 'source_domain': 'www.benzinga.com', 'topics': [{'topic': 'Technology', 'relevance_score': '1.0'}], 'overall_sentiment_score': -0.077163, 'overall_sentiment_label': 'Neutral', 'ticker_sentiment': [{'ticker': 'AAPL', 'relevance_score': '0.872847', 'ticker_sentiment_score': '-0.234586', 'ticker_sentiment_label': 'Somewhat-Bearish'}]}"
50,x <= -0.35: Bearish; -0.35 < x <= -0.15: Somewhat-Bearish; -0.15 < x < 0.15: Neutral; 0.15 <= x < 0.35: Somewhat_Bullish; x >= 0.35: Bullish,"0 < x <= 1, with a higher score indicating higher relevance.","{'title': ""Netflix says its plan to 'broadly' end password-sharing will juice revenue"", 'url': 'https://www.marketwatch.com/story/netflix-says-its-plan-to-broadly-end-password-sharing-will-juice-revenue-11674168428', 'time_published': '20230119T224700', 'authors': ['Jon Swartz'], 'summary': '""We expect to see improved overall revenue, which is our goal with all plan and pricing changes,"" Netflix execs said in a letter to shareholders on Thursday.', 'banner_image': 'https://images.mktw.net/im-690622/social', 'source': 'MarketWatch', 'category_within_source': 'Top Stories', 'source_domain': 'www.marketwatch.com', 'topics': [{'topic': 'Financial Markets', 'relevance_score': '0.108179'}, {'topic': 'Earnings', 'relevance_score': '0.839681'}, {'topic': 'Technology', 'relevance_score': '0.5'}, {'topic': 'Finance', 'relevance_score': '0.5'}], 'overall_sentiment_score': 0.15661, 'overall_sentiment_label': 'Somewhat-Bullish', 'ticker_sentiment': [{'ticker': 'NFLX', 'relevance_score': '0.756655', 'ticker_sentiment_score': '0.278697', 'ticker_sentiment_label': 'Somewhat-Bullish'}, {'ticker': 'AAPL', 'relevance_score': '0.132368', 'ticker_sentiment_score': '0.087953', 'ticker_sentiment_label': 'Neutral'}, {'ticker': 'CCZ', 'relevance_score': '0.066414', 'ticker_sentiment_score': '0.07332', 'ticker_sentiment_label': 'Neutral'}, {'ticker': 'PARA', 'relevance_score': '0.132368', 'ticker_sentiment_score': '0.087953', 'ticker_sentiment_label': 'Neutral'}, {'ticker': 'WFC', 'relevance_score': '0.066414', 'ticker_sentiment_score': '0.07332', 'ticker_sentiment_label': 'Neutral'}]}"
50,x <= -0.35: Bearish; -0.35 < x <= -0.15: Somewhat-Bearish; -0.15 < x < 0.15: Neutral; 0.15 <= x < 0.35: Somewhat_Bullish; x >= 0.35: Bullish,"0 < x <= 1, with a higher score indicating higher relevance.","{'title': ""Apple's HomePod Mini to Get an Exciting New Feature"", 'url': 'https://www.thestreet.com/deals/apple-homepod-mini-tempearture-humidity-sensor-turned-on-update', 'time_published': '20230119T222000', 'authors': ['Jacob Krol'], 'summary': ""A forthcoming software update will enable a sensor that's been inside Apple's smart speaker all-along."", 'banner_image': 'https://www.thestreet.com/.image/t_share/MTkxMzMxNzYxNTI1ODkyNjQx/homepod-mini-select-blue-202110_fv1.jpg', 'source': 'The Street', 'category_within_source': 'n/a', 'source_domain': 'www.thestreet.com', 'topics': [{'topic': 'Technology', 'relevance_score': '1.0'}], 'overall_sentiment_score': 0.33395, 'overall_sentiment_label': 'Somewhat-Bullish', 'ticker_sentiment': [{'ticker': 'AAPL', 'relevance_score': '0.296582', 'ticker_sentiment_score': '0.350966', 'ticker_sentiment_label': 'Bullish'}]}"
50,x <= -0.35: Bearish; -0.35 < x <= -0.15: Somewhat-Bearish; -0.15 < x < 0.15: Neutral; 0.15 <= x < 0.35: Somewhat_Bullish; x >= 0.35: Bullish,"0 < x <= 1, with a higher score indicating higher relevance.","{'title': 'US Government Goes After Amazon Over Warehouse Worker Safety', 'url': 'https://www.thestreet.com/employment/us-government-goes-after-amazon-over-warehouse-worker-safety', 'time_published': '20230119T215000', 'authors': ['Tony Owusu'], 'summary': 'OSHA found violations at three Amazon warehouses, according to a complaint published Thursday.', 'banner_image': 'https://www.thestreet.com/.image/ar_16:9%2Cc_fill%2Ccs_srgb%2Cfl_progressive%2Cg_faces:center%2Cq_auto:good%2Cw_620/MTY4NjUwODA2OTYyNDk3MTU5/is-procter--gamble-dead-in-the-water.jpg', 'source': 'The Street', 'category_within_source': 'n/a', 'source_domain': 'www.thestreet.com', 'topics': [{'topic': 'Economy - Monetary', 'relevance_score': '0.158519'}, {'topic': 'Retail & Wholesale', 'relevance_score': '0.333333'}, {'topic': 'Earnings', 'relevance_score': '0.158519'}, {'topic': 'Technology', 'relevance_score': '0.333333'}, {'topic': 'Finance', 'relevance_score': '0.333333'}], 'overall_sentiment_score': 0.154488, 'overall_sentiment_label': 'Somewhat-Bullish', 'ticker_sentiment': [{'ticker': 'MSFT', 'relevance_score': '0.140076', 'ticker_sentiment_score': '0.308171', 'ticker_sentiment_label': 'Somewhat-Bullish'}, {'ticker': 'AAPL', 'relevance_score': '0.140076', 'ticker_sentiment_score': '0.117148', 'ticker_sentiment_label': 'Neutral'}, {'ticker': 'AMZN', 'relevance_score': '0.906354', 'ticker_sentiment_score': '0.214027', 'ticker_sentiment_label': 'Somewhat-Bullish'}, {'ticker': 'COIN', 'relevance_score': '0.140076', 'ticker_sentiment_score': '0.308171', 'ticker_sentiment_label': 'Somewhat-Bullish'}]}"
50,x <= -0.35: Bearish; -0.35 < x <= -0.15: Somewhat-Bearish; -0.15 < x < 0.15: Neutral; 0.15 <= x < 0.35: Somewhat_Bullish; x >= 0.35: Bullish,"0 < x <= 1, with a higher score indicating higher relevance.","{'title': 'Smaller Share of U.S. Workers Were Union Members Last Year', 'url': 'https://www.wsj.com/articles/smaller-share-of-u-s-workers-were-union-members-last-year-11674154828', 'time_published': '20230119T194500', 'authors': ['David Harrison'], 'summary': 'Union membership increased, but the overall workforce grew more quickly.', 'banner_image': 'https://images.wsj.net/im-705904?width=860&height=573', 'source': 'Wall Street Journal', 'category_within_source': 'Business', 'source_domain': 'www.wsj.com', 'topics': [{'topic': 'Retail & Wholesale', 'relevance_score': '0.5'}, {'topic': 'Technology', 'relevance_score': '0.5'}], 'overall_sentiment_score': -0.070941, 'overall_sentiment_label': 'Neutral', 'ticker_sentiment': [{'ticker': 'SBUX', 'relevance_score': '0.414559', 'ticker_sentiment_score': '-0.187129', 'ticker_sentiment_label': 'Somewhat-Bearish'}, {'ticker': 'AAPL', 'relevance_score': '0.414559', 'ticker_sentiment_score': '-0.187129', 'ticker_sentiment_label': 'Somewhat-Bearish'}]}"
50,x <= -0.35: Bearish; -0.35 < x <= -0.15: Somewhat-Bearish; -0.15 < x < 0.15: Neutral; 0.15 <= x < 0.35: Somewhat_Bullish; x >= 0.35: Bullish,"0 < x <= 1, with a higher score indicating higher relevance.","{'title': 'Apple Reveals HomePod | Financial Buzz', 'url': 'https://www.financialbuzz.com/apple-reveals-homepod/', 'time_published': '20230119T165223', 'authors': [], 'summary': 'Apple, Inc. ( NASDAQ: AAPL ) has announced HomePod ( 2nd generation ) , a smart speaker that delivers next level acoustics in an iconic design. This includes apple innovations and Siri intelligence from advanced audio for a greater listening experience that includes support for Spatial Audio ...', 'banner_image': '', 'source': 'FinancialBuzz', 'category_within_source': 'RSS', 'source_domain': 'www.financialbuzz.com', 'topics': [{'topic': 'Technology', 'relevance_score': '1.0'}], 'overall_sentiment_score': 0.407526, 'overall_sentiment_label': 'Bullish', 'ticker_sentiment': [{'ticker': 'AAPL', 'relevance_score': '0.462395', 'ticker_sentiment_score': '0.380823', 'ticker_sentiment_label': 'Bullish'}]}"
50,x <= -0.35: Bearish; -0.35 < x <= -0.15: Somewhat-Bearish; -0.15 < x < 0.15: Neutral; 0.15 <= x < 0.35: Somewhat_Bullish; x >= 0.35: Bullish,"0 < x <= 1, with a higher score indicating higher relevance.","{'title': 'Climbing the Wall: As Wall Street Considers Fresh Worrisome Economic Data, Stocks Head Lower', 'url': 'https://www.benzinga.com/markets/23/01/30486260/climbing-the-wall-as-wall-street-considers-fresh-worrisome-economic-data-stocks-head-lower', 'time_published': '20230119T155723', 'authors': ['Shawn Cruz'], 'summary': ""( Thursday Market Open ) Yesterday's steep sell-off looked like it might be a wake-up call as earnings season accelerated. This morning's trading picked up where Wednesday left off, with stock index futures losing more ground amid bubbling recession concerns."", 'banner_image': 'https://cdn.benzinga.com/files/images/story/2023/01/19/shutterstock_2182375711.jpg?width=1200&height=800&fit=crop', 'source': 'Benzinga', 'category_within_source': 'Markets', 'source_domain': 'www.benzinga.com', 'topics': [{'topic': 'Life Sciences', 'relevance_score': '0.166667'}, {'topic': 'Energy & Transportation', 'relevance_score': '0.166667'}, {'topic': 'Technology', 'relevance_score': '0.166667'}, {'topic': 'Finance', 'relevance_score': '0.166667'}, {'topic': 'Economy - Monetary', 'relevance_score': '0.576289'}, {'topic': 'Retail & Wholesale', 'relevance_score': '0.166667'}, {'topic': 'Financial Markets', 'relevance_score': '0.992549'}, {'topic': 'Manufacturing', 'relevance_score': '0.166667'}, {'topic': 'Earnings', 'relevance_score': '1.0'}, {'topic': 'Economy - Macro', 'relevance_score': '0.158519'}], 'overall_sentiment_score': -0.114995, 'overall_sentiment_label': 'Neutral', 'ticker_sentiment': [{'ticker': 'ALK', 'relevance_score': '0.03463', 'ticker_sentiment_score': '0.122319', 'ticker_sentiment_label': 'Neutral'}, {'ticker': 'DE', 'relevance_score': '0.03463', 'ticker_sentiment_score': '-0.130666', 'ticker_sentiment_label': 'Neutral'}, {'ticker': 'AAPL', 'relevance_score': '0.03463', 'ticker_sentiment_score': '-0.054668', 'ticker_sentiment_label': 'Neutral'}, {'ticker': 'CVX', 'relevance_score': '0.03463', 'ticker_sentiment_score': '0.0', 'ticker_sentiment_label': 'Neutral'}, {'ticker': 'VZ', 'relevance_score': '0.03463', 'ticker_sentiment_score': '0.0', 'ticker_sentiment_label': 'Neutral'}, {'ticker': 'JPM', 'relevance_score': '0.03463', 'ticker_sentiment_score': '-0.093206', 'ticker_sentiment_label': 'Neutral'}, {'ticker': 'JNJ', 'relevance_score': '0.03463', 'ticker_sentiment_score': '0.0', 'ticker_sentiment_label': 'Neutral'}, {'ticker': 'SLB', 'relevance_score': '0.017319', 'ticker_sentiment_score': '0.0', 'ticker_sentiment_label': 'Neutral'}, {'ticker': 'CLX', 'relevance_score': '0.03463', 'ticker_sentiment_score': '-0.130666', 'ticker_sentiment_label': 'Neutral'}, {'ticker': 'MSFT', 'relevance_score': '0.086431', 'ticker_sentiment_score': '-0.138037', 'ticker_sentiment_label': 'Neutral'}, {'ticker': 'STT', 'relevance_score': '0.03463', 'ticker_sentiment_score': '0.0', 'ticker_sentiment_label': 'Neutral'}, {'ticker': 'TSLA', 'relevance_score': '0.03463', 'ticker_sentiment_score': '0.0', 'ticker_sentiment_label': 'Neutral'}, {'ticker': 'BX', 'relevance_score': '0.03463', 'ticker_sentiment_score': '0.122319', 'ticker_sentiment_label': 'Neutral'}, {'ticker': 'UNP', 'relevance_score': '0.03463', 'ticker_sentiment_score': '0.0', 'ticker_sentiment_label': 'Neutral'}, {'ticker': 'GE', 'relevance_score': '0.051924', 'ticker_sentiment_score': '0.0', 'ticker_sentiment_label': 'Neutral'}, {'ticker': 'NFLX', 'relevance_score': '0.086431', 'ticker_sentiment_score': '-0.052299', 'ticker_sentiment_label': 'Neutral'}, {'ticker': 'WHR', 'relevance_score': '0.03463', 'ticker_sentiment_score': '0.0', 'ticker_sentiment_label': 'Neutral'}, {'ticker': 'BKR', 'relevance_score': '0.03463', 'ticker_sentiment_score': '0.0', 'ticker_sentiment_label': 'Neutral'}, {'ticker': 'NYT', 'relevance_score': '0.017319', 'ticker_sentiment_score': '0.000905', 'ticker_sentiment_label': 'Neutral'}, {'ticker': 'AAL', 'relevance_score': '0.03463', 'ticker_sentiment_score': '0.122319', 'ticker_sentiment_label': 'Neutral'}, {'ticker': 'LUV', 'relevance_score': '0.03463', 'ticker_sentiment_score': '0.122319', 'ticker_sentiment_label': 'Neutral'}, {'ticker': 'LMT', 'relevance_score': '0.03463', 'ticker_sentiment_score': '0.0', 'ticker_sentiment_label': 'Neutral'}, {'ticker': 'PG', 'relevance_score': '0.069194', 'ticker_sentiment_score': '-0.048657', 'ticker_sentiment_label': 'Neutral'}, {'ticker': 'AXP', 'relevance_score': '0.03463', 'ticker_sentiment_score': '0.0', 'ticker_sentiment_label': 'Neutral'}, {'ticker': 'PEP', 'relevance_score': '0.03463', 'ticker_sentiment_score': '-0.130666', 'ticker_sentiment_label': 'Neutral'}, {'ticker': 'AMZN', 'relevance_score': '0.069194', 'ticker_sentiment_score': '-0.134582', 'ticker_sentiment_label': 'Neutral'}, {'ticker': 'BA', 'relevance_score': '0.03463', 'ticker_sentiment_score': '0.0', 'ticker_sentiment_label': 'Neutral'}, {'ticker': 'STLD', 'relevance_score': '0.03463', 'ticker_sentiment_score': '0.0', 'ticker_sentiment_label': 'Neutral'}]}"
50,x <= -0.35: Bearish; -0.35 < x <= -0.15: Somewhat-Bearish; -0.15 < x < 0.15: Neutral; 0.15 <= x < 0.35: Somewhat_Bullish; x >= 0.35: Bullish,"0 < x <= 1, with a higher score indicating higher relevance.","{'title': 'Gaming Industry Workers Unite: A Look At Unionizations Efforts At Activision Blizzard And Other Publishers', 'url': 'https://www.benzinga.com/general/entertainment/23/01/30470978/gaming-industry-workers-unite-a-look-at-unionizations-efforts-at-activision-blizzard-and-ot', 'time_published': '20230119T151008', 'authors': ['Franca Quarneti'], 'summary': 'As the gaming industry expands, unionization is becoming more prevalent among its workers in order to address issues such as long hours, lack of job security, and low pay.', 'banner_image': 'https://cdn.benzinga.com/files/images/story/2023/01/18/pexels-sora-shimazaki-5668838.jpg?width=1200&height=800&fit=crop', 'source': 'Benzinga', 'category_within_source': 'General', 'source_domain': 'www.benzinga.com', 'topics': [{'topic': 'Technology', 'relevance_score': '0.5'}, {'topic': 'Retail & Wholesale', 'relevance_score': '0.5'}], 'overall_sentiment_score': 0.138743, 'overall_sentiment_label': 'Neutral', 'ticker_sentiment': [{'ticker': 'ATVI', 'relevance_score': '0.546745', 'ticker_sentiment_score': '0.293171', 'ticker_sentiment_label': 'Somewhat-Bullish'}, {'ticker': 'MSFT', 'relevance_score': '0.426225', 'ticker_sentiment_score': '0.257305', 'ticker_sentiment_label': 'Somewhat-Bullish'}, {'ticker': 'AAPL', 'relevance_score': '0.074692', 'ticker_sentiment_score': '-0.134327', 'ticker_sentiment_label': 'Neutral'}, {'ticker': 'SBUX', 'relevance_score': '0.074692', 'ticker_sentiment_score': '-0.134327', 'ticker_sentiment_label': 'Neutral'}]}"
50,x <= -0.35: Bearish; -0.35 < x <= -0.15: Somewhat-Bearish; -0.15 < x < 0.15: Neutral; 0.15 <= x < 0.35: Somewhat_Bullish; x >= 0.35: Bullish,"0 < x <= 1, with a higher score indicating higher relevance.","{'title': 'Stocks Lower After Jobless Claims; Netflix Earnings Due', 'url': 'https://www.investors.com/market-trend/stock-market-today/dow-jones-futures-fall-ahead-of-jobless-claims-netflix-earnings-due/', 'time_published': '20230119T150000', 'authors': ['SCOTT LEHTONEN', ""Investor's Business Daily""], 'summary': ""Dow Jones Falls 225 Points After Jobless Claims. Netflix Earnings Due Investor's Business Daily ..."", 'banner_image': 'https://www.investors.com/wp-content/uploads/2022/10/Stock-Netflixsign-05-company.jpg', 'source': 'Investors Business Daily', 'category_within_source': 'n/a', 'source_domain': 'www.investors.com', 'topics': [{'topic': 'Life Sciences', 'relevance_score': '0.142857'}, {'topic': 'Energy & Transportation', 'relevance_score': '0.142857'}, {'topic': 'Technology', 'relevance_score': '0.142857'}, {'topic': 'Finance', 'relevance_score': '0.142857'}, {'topic': 'Retail & Wholesale', 'relevance_score': '0.142857'}, {'topic': 'Financial Markets', 'relevance_score': '1.0'}, {'topic': 'Manufacturing', 'relevance_score': '0.142857'}, {'topic': 'Earnings', 'relevance_score': '0.99915'}, {'topic': 'Real Estate & Construction', 'relevance_score': '0.142857'}], 'overall_sentiment_score': 0.147993, 'overall_sentiment_label': 'Neutral', 'ticker_sentiment': [{'ticker': 'AA', 'relevance_score': '0.083638', 'ticker_sentiment_score': '-0.065014', 'ticker_sentiment_label': 'Neutral'}, {'ticker': 'MEDP', 'relevance_score': '0.138943', 'ticker_sentiment_score': '0.243778', 'ticker_sentiment_label': 'Somewhat-Bullish'}, {'ticker': 'NFLX', 'relevance_score': '0.055816', 'ticker_sentiment_score': '-0.082879', 'ticker_sentiment_label': 'Neutral'}, {'ticker': 'CELH', 'relevance_score': '0.055816', 'ticker_sentiment_score': '0.17709', 'ticker_sentiment_label': 'Somewhat-Bullish'}, {'ticker': 'NVDA', 'relevance_score': '0.055816', 'ticker_sentiment_score': '-0.174173', 'ticker_sentiment_label': 'Somewhat-Bearish'}, {'ticker': 'AAPL', 'relevance_score': '0.083638', 'ticker_sentiment_score': '0.053109', 'ticker_sentiment_label': 'Neutral'}, {'ticker': 'CVX', 'relevance_score': '0.138943', 'ticker_sentiment_score': '0.166925', 'ticker_sentiment_label': 'Somewhat-Bullish'}, {'ticker': 'MNST', 'relevance_score': '0.138943', 'ticker_sentiment_score': '0.128512', 'ticker_sentiment_label': 'Neutral'}, {'ticker': 'VRTX', 'relevance_score': '0.111358', 'ticker_sentiment_score': '0.100033', 'ticker_sentiment_label': 'Neutral'}, {'ticker': 'ABBV', 'relevance_score': '0.055816', 'ticker_sentiment_score': '0.036997', 'ticker_sentiment_label': 'Neutral'}, {'ticker': 'IVZ', 'relevance_score': '0.027925', 'ticker_sentiment_score': '0.009591', 'ticker_sentiment_label': 'Neutral'}, {'ticker': 'AMGN', 'relevance_score': '0.138943', 'ticker_sentiment_score': '0.086509', 'ticker_sentiment_label': 'Neutral'}, {'ticker': 'FLR', 'relevance_score': '0.138943', 'ticker_sentiment_score': '0.090345', 'ticker_sentiment_label': 'Neutral'}, {'ticker': 'DFS', 'relevance_score': '0.055816', 'ticker_sentiment_score': '0.0', 'ticker_sentiment_label': 'Neutral'}, {'ticker': 'MSFT', 'relevance_score': '0.055816', 'ticker_sentiment_score': '0.099054', 'ticker_sentiment_label': 'Neutral'}, {'ticker': 'TSLA', 'relevance_score': '0.083638', 'ticker_sentiment_score': '0.046888', 'ticker_sentiment_label': 'Neutral'}, {'ticker': 'PG', 'relevance_score': '0.055816', 'ticker_sentiment_score': '0.0', 'ticker_sentiment_label': 'Neutral'}, {'ticker': 'FAST', 'relevance_score': '0.083638', 'ticker_sentiment_score': '-0.065014', 'ticker_sentiment_label': 'Neutral'}, {'ticker': 'WMT', 'relevance_score': '0.111358', 'ticker_sentiment_score': '0.083865', 'ticker_sentiment_label': 'Neutral'}]}"
50,x <= -0.35: Bearish; -0.35 < x <= -0.15: Somewhat-Bearish; -0.15 < x < 0.15: Neutral; 0.15 <= x < 0.35: Somewhat_Bullish; x >= 0.35: Bullish,"0 < x <= 1, with a higher score indicating higher relevance.","{'title': 'Apple Stock Is Down 25% From Its High. Time to Buy?', 'url': 'https://www.fool.com/investing/2023/01/19/apple-stock-is-down-25-from-its-high-time-to-buy/', 'time_published': '20230119T144500', 'authors': ['Dani Cook'], 'summary': 'Apple stock is a screaming buy, thanks to these three lucrative businesses.', 'banner_image': 'https://g.foolcdn.com/image/?url=https%3A%2F%2Fg.foolcdn.com%2Feditorial%2Fimages%2F714597%2Frocket-flies-through-the-clouds.jpg&op=resize&h=340', 'source': 'Motley Fool', 'category_within_source': 'n/a', 'source_domain': 'www.fool.com', 'topics': [{'topic': 'Earnings', 'relevance_score': '0.995973'}, {'topic': 'Technology', 'relevance_score': '1.0'}, {'topic': 'Financial Markets', 'relevance_score': '0.503496'}], 'overall_sentiment_score': 0.373506, 'overall_sentiment_label': 'Bullish', 'ticker_sentiment': [{'ticker': 'AAPL', 'relevance_score': '0.678981', 'ticker_sentiment_score': '0.539742', 'ticker_sentiment_label': 'Bullish'}]}"
50,x <= -0.35: Bearish; -0.35 < x <= -0.15: Somewhat-Bearish; -0.15 < x < 0.15: Neutral; 0.15 <= x < 0.35: Somewhat_Bullish; x >= 0.35: Bullish,"0 < x <= 1, with a higher score indicating higher relevance.","{'title': ""Jim Cramer's top 10 things to watch in the market Thursday: Sell-off Day 2, P&G outlook raise"", 'url': 'https://www.cnbc.com/2023/01/19/jim-cramers-top-10-things-thursday-sell-off-day-2-pg-outlook-raise.html', 'time_published': '20230119T141227', 'authors': ['Jim Cramer'], 'summary': 'Another hard sell-off points to a negative opening that may not be buyable unless bonds stabilize.', 'banner_image': 'https://image.cnbcfm.com/api/v1/image/107180386-1674059677815-gettyimages-1246328058-AFP_337C3CG.jpeg?v=1674137547&w=1920&h=1080', 'source': 'CNBC', 'category_within_source': 'Top News', 'source_domain': 'www.cnbc.com', 'topics': [{'topic': 'Life Sciences', 'relevance_score': '0.2'}, {'topic': 'Energy & Transportation', 'relevance_score': '0.2'}, {'topic': 'Technology', 'relevance_score': '0.2'}, {'topic': 'Finance', 'relevance_score': '0.2'}, {'topic': 'Economy - Monetary', 'relevance_score': '0.158519'}, {'topic': 'Retail & Wholesale', 'relevance_score': '0.2'}, {'topic': 'Financial Markets', 'relevance_score': '0.967645'}, {'topic': 'Earnings', 'relevance_score': '0.795202'}], 'overall_sentiment_score': 0.07352, 'overall_sentiment_label': 'Neutral', 'ticker_sentiment': [{'ticker': 'NFLX', 'relevance_score': '0.116631', 'ticker_sentiment_score': '0.224176', 'ticker_sentiment_label': 'Somewhat-Bullish'}, {'ticker': 'AAPL', 'relevance_score': '0.174167', 'ticker_sentiment_score': '0.05402', 'ticker_sentiment_label': 'Neutral'}, {'ticker': 'HAL', 'relevance_score': '0.174167', 'ticker_sentiment_score': '0.277608', 'ticker_sentiment_label': 'Somewhat-Bullish'}, {'ticker': 'C', 'relevance_score': '0.116631', 'ticker_sentiment_score': '0.102576', 'ticker_sentiment_label': 'Neutral'}, {'ticker': 'SBUX', 'relevance_score': '0.174167', 'ticker_sentiment_score': '0.278984', 'ticker_sentiment_label': 'Somewhat-Bullish'}, {'ticker': 'JPM', 'relevance_score': '0.174167', 'ticker_sentiment_score': '-0.119668', 'ticker_sentiment_label': 'Neutral'}, {'ticker': 'MS', 'relevance_score': '0.230782', 'ticker_sentiment_score': '0.373198', 'ticker_sentiment_label': 'Bullish'}, {'ticker': 'NOW', 'relevance_score': '0.058472', 'ticker_sentiment_score': '-0.017078', 'ticker_sentiment_label': 'Neutral'}, {'ticker': 'PG', 'relevance_score': '0.174167', 'ticker_sentiment_score': '0.203097', 'ticker_sentiment_label': 'Somewhat-Bullish'}]}"
50,x <= -0.35: Bearish; -0.35 < x <= -0.15: Somewhat-Bearish; -0.15 < x < 0.15: Neutral; 0.15 <= x < 0.35: Somewhat_Bullish; x >= 0.35: Bullish,"0 < x <= 1, with a higher score indicating higher relevance.","{'title': 'New to Investing? 3 Stocks to Buy in 2023 and Hold Forever', 'url': 'https://www.fool.com/investing/2023/01/19/new-to-investing-3-stocks-to-buy-in-2023-and-hold/', 'time_published': '20230119T134500', 'authors': ['Jamie Louko'], 'summary': ""If I were building a portfolio from scratch, here's how I'd do it."", 'banner_image': 'https://g.foolcdn.com/image/?url=https%3A%2F%2Fg.foolcdn.com%2Feditorial%2Fimages%2F714597%2Frocket-flies-through-the-clouds.jpg&op=resize&h=340', 'source': 'Motley Fool', 'category_within_source': 'n/a', 'source_domain': 'www.fool.com', 'topics': [{'topic': 'Financial Markets', 'relevance_score': '0.905476'}, {'topic': 'Manufacturing', 'relevance_score': '0.5'}, {'topic': 'Earnings', 'relevance_score': '0.77141'}, {'topic': 'Technology', 'relevance_score': '0.5'}], 'overall_sentiment_score': 0.271662, 'overall_sentiment_label': 'Somewhat-Bullish', 'ticker_sentiment': [{'ticker': 'AAPL', 'relevance_score': '0.367606', 'ticker_sentiment_score': '0.247545', 'ticker_sentiment_label': 'Somewhat-Bullish'}, {'ticker': 'KO', 'relevance_score': '0.054483', 'ticker_sentiment_score': '-0.051002', 'ticker_sentiment_label': 'Neutral'}, {'ticker': 'ADSK', 'relevance_score': '0.318211', 'ticker_sentiment_score': '0.214201', 'ticker_sentiment_label': 'Somewhat-Bullish'}, {'ticker': 'TTD', 'relevance_score': '0.367606', 'ticker_sentiment_score': '0.383039', 'ticker_sentiment_label': 'Bullish'}]}"
50,x <= -0.35: Bearish; -0.35 < x <= -0.15: Somewhat-Bearish; -0.15 < x < 0.15: Neutral; 0.15 <= x < 0.35: Somewhat_Bullish; x >= 0.35: Bullish,"0 < x <= 1, with a higher score indicating higher relevance.","{'title': 'Alphabet  ( GOOGL )  to Boost YouTube TV With Redesigned Features', 'url': 'https://www.zacks.com/stock/news/2041189/alphabet-googl-to-boost-youtube-tv-with-redesigned-features', 'time_published': '20230119T132400', 'authors': ['Zacks Investment Research'], 'summary': ""Alphabet's (GOOGL) subsidiary Google redesigns Library and Live tabs to provide a user-friendly interface based on personalized suggestions."", 'banner_image': 'https://staticx-tuner.zacks.com/images/articles/main/aa/397.jpg', 'source': 'Zacks Commentary', 'category_within_source': 'n/a', 'source_domain': 'www.zacks.com', 'topics': [{'topic': 'Retail & Wholesale', 'relevance_score': '0.5'}, {'topic': 'Technology', 'relevance_score': '0.5'}], 'overall_sentiment_score': 0.393611, 'overall_sentiment_label': 'Bullish', 'ticker_sentiment': [{'ticker': 'GOOG', 'relevance_score': '0.811755', 'ticker_sentiment_score': '0.502246', 'ticker_sentiment_label': 'Bullish'}, {'ticker': 'AAPL', 'relevance_score': '0.339046', 'ticker_sentiment_score': '0.575576', 'ticker_sentiment_label': 'Bullish'}, {'ticker': 'AMZN', 'relevance_score': '0.27432', 'ticker_sentiment_score': '0.360537', 'ticker_sentiment_label': 'Bullish'}, {'ticker': 'DIS', 'relevance_score': '0.207571', 'ticker_sentiment_score': '0.434878', 'ticker_sentiment_label': 'Bullish'}]}"
50,x <= -0.35: Bearish; -0.35 < x <= -0.15: Somewhat-Bearish; -0.15 < x < 0.15: Neutral; 0.15 <= x < 0.35: Somewhat_Bullish; x >= 0.35: Bullish,"0 < x <= 1, with a higher score indicating higher relevance.","{'title': 'Viral TikTok: iPhone Users, Elevate Your Photography Game With Long-Exposure Hack', 'url': 'https://www.benzinga.com/news/23/01/30478186/viral-tiktok-iphone-users-elevate-your-photography-game-with-long-exposure-hack', 'time_published': '20230119T131049', 'authors': ['Ananya Gairola'], 'summary': ""Apple Inc.'s AAPL iPhone 14 may have failed to gain the first rank in Marques Brownlee's blind camera test, but this viral TikTok hack shared by a user would enable iPhone users to take stunning photographs."", 'banner_image': 'https://cdn.benzinga.com/files/images/story/2023/01/19/photo_by_kicking_studio_on_shutterstock.jpg?width=1200&height=800&fit=crop', 'source': 'Benzinga', 'category_within_source': 'News', 'source_domain': 'www.benzinga.com', 'topics': [{'topic': 'Technology', 'relevance_score': '1.0'}], 'overall_sentiment_score': 0.068566, 'overall_sentiment_label': 'Neutral', 'ticker_sentiment': [{'ticker': 'AAPL', 'relevance_score': '0.204072', 'ticker_sentiment_score': '0.096416', 'ticker_sentiment_label': 'Neutral'}]}"
